index_code,entity_id,ticker_as_published,as_of,knowable_at,source_url,source_note
ASX300_PROXY_VAS,3670,360,2026-08-20,2026-08-20 00:00:00+00,owner-supplied:pasted-into-session-2026-08-20,"ASX300 size proxy; provenance open, see reference/README.md"
ASX300_PROXY_VAS,3676,4DX,2026-08-20,2026-08-20 00:00:00+00,owner-supplied:pasted-into-session-2026-08-20,"ASX300 size proxy; provenance open, see reference/README.md"
ASX300_PROXY_VAS,3686,A2M,2026-08-20,2026-08-20 00:00:00+00,owner-supplied:pasted-into-session-2026-08-20,"ASX300 size proxy; provenance open, see reference/README.md"
ASX300_PROXY_VAS,3692,AAI,2026-08-20,2026-08-20 00:00:00+00,owner-supplied:pasted-into-session-2026-08-20,"ASX300 size proxy; provenance open, see reference/README.md"
ASX300_PROXY_VAS,3699,ABB,2026-08-20,2026-08-20 00:00:00+00,owner-supplied:pasted-into-session-2026-08-20,"ASX300 size proxy; provenance open, see reference/README.md"
ASX300_PROXY_VAS,3738,AFI,2026-08-20,2026-08-20 00:00:00+00,owner-supplied:pasted-into-session-2026-08-20,"ASX300 size proxy; provenance open, see reference/README.md"
ASX300_PROXY_VAS,3745,AGL,2026-08-20,2026-08-20 00:00:00+00,owner-supplied:pasted-into-session-2026-08-20,"ASX300 size proxy; provenance open, see reference/README.md"
ASX300_PROXY_VAS,3756,AIA,2026-08-20,2026-08-20 00:00:00+00,owner-supplied:pasted-into-session-2026-08-20,"ASX300 size proxy; provenance open, see reference/README.md"
ASX300_PROXY_VAS,3764,AIZ,2026-08-20,2026-08-20 00:00:00+00,owner-supplied:pasted-into-session-2026-08-20,"ASX300 size proxy; provenance open, see reference/README.md"
ASX300_PROXY_VAS,3776,ALD,2026-08-20,2026-08-20 00:00:00+00,owner-supplied:pasted-into-session-2026-08-20,"ASX300 size proxy; provenance open, see reference/README.md"
ASX300_PROXY_VAS,3778,ALK,2026-08-20,2026-08-20 00:00:00+00,owner-supplied:pasted-into-session-2026-08-20,"ASX300 size proxy; provenance open, see reference/README.md"
ASX300_PROXY_VAS,3779,ALL,2026-08-20,2026-08-20 00:00:00+00,owner-supplied:pasted-into-session-2026-08-20,"ASX300 size proxy; provenance open, see reference/README.md"
ASX300_PROXY_VAS,3781,ALQ,2026-08-20,2026-08-20 00:00:00+00,owner-supplied:pasted-into-session-2026-08-20,"ASX300 size proxy; provenance open, see reference/README.md"
ASX300_PROXY_VAS,3785,ALX,2026-08-20,2026-08-20 00:00:00+00,owner-supplied:pasted-into-session-2026-08-20,"ASX300 size proxy; provenance open, see reference/README.md"
ASX300_PROXY_VAS,3791,AMC,2026-08-20,2026-08-20 00:00:00+00,owner-supplied:pasted-into-session-2026-08-20,"ASX300 size proxy; provenance open, see reference/README.md"
ASX300_PROXY_VAS,3797,AMP,2026-08-20,2026-08-20 00:00:00+00,owner-supplied:pasted-into-session-2026-08-20,"ASX300 size proxy; provenance open, see reference/README.md"
ASX300_PROXY_VAS,3803,ANN,2026-08-20,2026-08-20 00:00:00+00,owner-supplied:pasted-into-session-2026-08-20,"ASX300 size proxy; provenance open, see reference/README.md"
ASX300_PROXY_VAS,3807,ANZ,2026-08-20,2026-08-20 00:00:00+00,owner-supplied:pasted-into-session-2026-08-20,"ASX300 size proxy; provenance open, see reference/README.md"
ASX300_PROXY_VAS,3811,AOV,2026-08-20,2026-08-20 00:00:00+00,owner-supplied:pasted-into-session-2026-08-20,"ASX300 size proxy; provenance open, see reference/README.md"
ASX300_PROXY_VAS,3812,APA,2026-08-20,2026-08-20 00:00:00+00,owner-supplied:pasted-into-session-2026-08-20,"ASX300 size proxy; provenance open, see reference/README.md"
ASX300_PROXY_VAS,3814,APE,2026-08-20,2026-08-20 00:00:00+00,owner-supplied:pasted-into-session-2026-08-20,"ASX300 size proxy; provenance open, see reference/README.md"
ASX300_PROXY_VAS,3818,APZ,2026-08-20,2026-08-20 00:00:00+00,owner-supplied:pasted-into-session-2026-08-20,"ASX300 size proxy; provenance open, see reference/README.md"
ASX300_PROXY_VAS,3828,ARB,2026-08-20,2026-08-20 00:00:00+00,owner-supplied:pasted-into-session-2026-08-20,"ASX300 size proxy; provenance open, see reference/README.md"
ASX300_PROXY_VAS,3831,ARF,2026-08-20,2026-08-20 00:00:00+00,owner-supplied:pasted-into-session-2026-08-20,"ASX300 size proxy; provenance open, see reference/README.md"
ASX300_PROXY_VAS,3832,ARG,2026-08-20,2026-08-20 00:00:00+00,owner-supplied:pasted-into-session-2026-08-20,"ASX300 size proxy; provenance open, see reference/README.md"
ASX300_PROXY_VAS,3839,ARU,2026-08-20,2026-08-20 00:00:00+00,owner-supplied:pasted-into-session-2026-08-20,"ASX300 size proxy; provenance open, see reference/README.md"
ASX300_PROXY_VAS,3844,ASB,2026-08-20,2026-08-20 00:00:00+00,owner-supplied:pasted-into-session-2026-08-20,"ASX300 size proxy; provenance open, see reference/README.md"
ASX300_PROXY_VAS,3853,ASX,2026-08-20,2026-08-20 00:00:00+00,owner-supplied:pasted-into-session-2026-08-20,"ASX300 size proxy; provenance open, see reference/README.md"
ASX300_PROXY_VAS,3869,AUB,2026-08-20,2026-08-20 00:00:00+00,owner-supplied:pasted-into-session-2026-08-20,"ASX300 size proxy; provenance open, see reference/README.md"
ASX300_PROXY_VAS,3873,AUI,2026-08-20,2026-08-20 00:00:00+00,owner-supplied:pasted-into-session-2026-08-20,"ASX300 size proxy; provenance open, see reference/README.md"
ASX300_PROXY_VAS,3903,AZJ,2026-08-20,2026-08-20 00:00:00+00,owner-supplied:pasted-into-session-2026-08-20,"ASX300 size proxy; provenance open, see reference/README.md"
ASX300_PROXY_VAS,3917,BCI,2026-08-20,2026-08-20 00:00:00+00,owner-supplied:pasted-into-session-2026-08-20,"ASX300 size proxy; provenance open, see reference/README.md"
ASX300_PROXY_VAS,3924,BEN,2026-08-20,2026-08-20 00:00:00+00,owner-supplied:pasted-into-session-2026-08-20,"ASX300 size proxy; provenance open, see reference/README.md"
ASX300_PROXY_VAS,3929,BFL,2026-08-20,2026-08-20 00:00:00+00,owner-supplied:pasted-into-session-2026-08-20,"ASX300 size proxy; provenance open, see reference/README.md"
ASX300_PROXY_VAS,3930,BGA,2026-08-20,2026-08-20 00:00:00+00,owner-supplied:pasted-into-session-2026-08-20,"ASX300 size proxy; provenance open, see reference/README.md"
ASX300_PROXY_VAS,3933,BGL,2026-08-20,2026-08-20 00:00:00+00,owner-supplied:pasted-into-session-2026-08-20,"ASX300 size proxy; provenance open, see reference/README.md"
ASX300_PROXY_VAS,3939,BHP,2026-08-20,2026-08-20 00:00:00+00,owner-supplied:pasted-into-session-2026-08-20,"ASX300 size proxy; provenance open, see reference/README.md"
ASX300_PROXY_VAS,3945,BKI,2026-08-20,2026-08-20 00:00:00+00,owner-supplied:pasted-into-session-2026-08-20,"ASX300 size proxy; provenance open, see reference/README.md"
ASX300_PROXY_VAS,3964,BNZ,2026-08-20,2026-08-20 00:00:00+00,owner-supplied:pasted-into-session-2026-08-20,"ASX300 size proxy; provenance open, see reference/README.md"
ASX300_PROXY_VAS,3969,BOQ,2026-08-20,2026-08-20 00:00:00+00,owner-supplied:pasted-into-session-2026-08-20,"ASX300 size proxy; provenance open, see reference/README.md"
ASX300_PROXY_VAS,3976,BPT,2026-08-20,2026-08-20 00:00:00+00,owner-supplied:pasted-into-session-2026-08-20,"ASX300 size proxy; provenance open, see reference/README.md"
ASX300_PROXY_VAS,3977,BRE,2026-08-20,2026-08-20 00:00:00+00,owner-supplied:pasted-into-session-2026-08-20,"ASX300 size proxy; provenance open, see reference/README.md"
ASX300_PROXY_VAS,3978,BRG,2026-08-20,2026-08-20 00:00:00+00,owner-supplied:pasted-into-session-2026-08-20,"ASX300 size proxy; provenance open, see reference/README.md"
ASX300_PROXY_VAS,3986,BSL,2026-08-20,2026-08-20 00:00:00+00,owner-supplied:pasted-into-session-2026-08-20,"ASX300 size proxy; provenance open, see reference/README.md"
ASX300_PROXY_VAS,4004,BVS,2026-08-20,2026-08-20 00:00:00+00,owner-supplied:pasted-into-session-2026-08-20,"ASX300 size proxy; provenance open, see reference/README.md"
ASX300_PROXY_VAS,4007,BWP,2026-08-20,2026-08-20 00:00:00+00,owner-supplied:pasted-into-session-2026-08-20,"ASX300 size proxy; provenance open, see reference/README.md"
ASX300_PROXY_VAS,4008,BXB,2026-08-20,2026-08-20 00:00:00+00,owner-supplied:pasted-into-session-2026-08-20,"ASX300 size proxy; provenance open, see reference/README.md"
ASX300_PROXY_VAS,4019,CAR,2026-08-20,2026-08-20 00:00:00+00,owner-supplied:pasted-into-session-2026-08-20,"ASX300 size proxy; provenance open, see reference/README.md"
ASX300_PROXY_VAS,4020,CAT,2026-08-20,2026-08-20 00:00:00+00,owner-supplied:pasted-into-session-2026-08-20,"ASX300 size proxy; provenance open, see reference/README.md"
ASX300_PROXY_VAS,4024,CBA,2026-08-20,2026-08-20 00:00:00+00,owner-supplied:pasted-into-session-2026-08-20,"ASX300 size proxy; provenance open, see reference/README.md"
ASX300_PROXY_VAS,4027,CBO,2026-08-20,2026-08-20 00:00:00+00,owner-supplied:pasted-into-session-2026-08-20,"ASX300 size proxy; provenance open, see reference/README.md"
ASX300_PROXY_VAS,4034,CCL,2026-08-20,2026-08-20 00:00:00+00,owner-supplied:pasted-into-session-2026-08-20,"ASX300 size proxy; provenance open, see reference/README.md"
ASX300_PROXY_VAS,4044,CDA,2026-08-20,2026-08-20 00:00:00+00,owner-supplied:pasted-into-session-2026-08-20,"ASX300 size proxy; provenance open, see reference/README.md"
ASX300_PROXY_VAS,4053,CEN,2026-08-20,2026-08-20 00:00:00+00,owner-supplied:pasted-into-session-2026-08-20,"ASX300 size proxy; provenance open, see reference/README.md"
ASX300_PROXY_VAS,4056,CGF,2026-08-20,2026-08-20 00:00:00+00,owner-supplied:pasted-into-session-2026-08-20,"ASX300 size proxy; provenance open, see reference/README.md"
ASX300_PROXY_VAS,4060,CHC,2026-08-20,2026-08-20 00:00:00+00,owner-supplied:pasted-into-session-2026-08-20,"ASX300 size proxy; provenance open, see reference/README.md"
ASX300_PROXY_VAS,4061,CHI,2026-08-20,2026-08-20 00:00:00+00,owner-supplied:pasted-into-session-2026-08-20,"ASX300 size proxy; provenance open, see reference/README.md"
ASX300_PROXY_VAS,4067,CIA,2026-08-20,2026-08-20 00:00:00+00,owner-supplied:pasted-into-session-2026-08-20,"ASX300 size proxy; provenance open, see reference/README.md"
ASX300_PROXY_VAS,4068,CIN,2026-08-20,2026-08-20 00:00:00+00,owner-supplied:pasted-into-session-2026-08-20,"ASX300 size proxy; provenance open, see reference/README.md"
ASX300_PROXY_VAS,4069,CIP,2026-08-20,2026-08-20 00:00:00+00,owner-supplied:pasted-into-session-2026-08-20,"ASX300 size proxy; provenance open, see reference/README.md"
ASX300_PROXY_VAS,4072,CKF,2026-08-20,2026-08-20 00:00:00+00,owner-supplied:pasted-into-session-2026-08-20,"ASX300 size proxy; provenance open, see reference/README.md"
ASX300_PROXY_VAS,4078,CLW,2026-08-20,2026-08-20 00:00:00+00,owner-supplied:pasted-into-session-2026-08-20,"ASX300 size proxy; provenance open, see reference/README.md"
ASX300_PROXY_VAS,4086,CMM,2026-08-20,2026-08-20 00:00:00+00,owner-supplied:pasted-into-session-2026-08-20,"ASX300 size proxy; provenance open, see reference/README.md"
ASX300_PROXY_VAS,4089,CMW,2026-08-20,2026-08-20 00:00:00+00,owner-supplied:pasted-into-session-2026-08-20,"ASX300 size proxy; provenance open, see reference/README.md"
ASX300_PROXY_VAS,4093,CNI,2026-08-20,2026-08-20 00:00:00+00,owner-supplied:pasted-into-session-2026-08-20,"ASX300 size proxy; provenance open, see reference/README.md"
ASX300_PROXY_VAS,4096,CNU,2026-08-20,2026-08-20 00:00:00+00,owner-supplied:pasted-into-session-2026-08-20,"ASX300 size proxy; provenance open, see reference/README.md"
ASX300_PROXY_VAS,4101,COH,2026-08-20,2026-08-20 00:00:00+00,owner-supplied:pasted-into-session-2026-08-20,"ASX300 size proxy; provenance open, see reference/README.md"
ASX300_PROXY_VAS,4103,COL,2026-08-20,2026-08-20 00:00:00+00,owner-supplied:pasted-into-session-2026-08-20,"ASX300 size proxy; provenance open, see reference/README.md"
ASX300_PROXY_VAS,4111,CPU,2026-08-20,2026-08-20 00:00:00+00,owner-supplied:pasted-into-session-2026-08-20,"ASX300 size proxy; provenance open, see reference/README.md"
ASX300_PROXY_VAS,4113,CQE,2026-08-20,2026-08-20 00:00:00+00,owner-supplied:pasted-into-session-2026-08-20,"ASX300 size proxy; provenance open, see reference/README.md"
ASX300_PROXY_VAS,4114,CQR,2026-08-20,2026-08-20 00:00:00+00,owner-supplied:pasted-into-session-2026-08-20,"ASX300 size proxy; provenance open, see reference/README.md"
ASX300_PROXY_VAS,4124,CSC,2026-08-20,2026-08-20 00:00:00+00,owner-supplied:pasted-into-session-2026-08-20,"ASX300 size proxy; provenance open, see reference/README.md"
ASX300_PROXY_VAS,4125,CSL,2026-08-20,2026-08-20 00:00:00+00,owner-supplied:pasted-into-session-2026-08-20,"ASX300 size proxy; provenance open, see reference/README.md"
ASX300_PROXY_VAS,4129,CTD,2026-08-20,2026-08-20 00:00:00+00,owner-supplied:pasted-into-session-2026-08-20,"ASX300 size proxy; provenance open, see reference/README.md"
ASX300_PROXY_VAS,4138,CU6,2026-08-20,2026-08-20 00:00:00+00,owner-supplied:pasted-into-session-2026-08-20,"ASX300 size proxy; provenance open, see reference/README.md"
ASX300_PROXY_VAS,4146,CVL,2026-08-20,2026-08-20 00:00:00+00,owner-supplied:pasted-into-session-2026-08-20,"ASX300 size proxy; provenance open, see reference/README.md"
ASX300_PROXY_VAS,4152,CWY,2026-08-20,2026-08-20 00:00:00+00,owner-supplied:pasted-into-session-2026-08-20,"ASX300 size proxy; provenance open, see reference/README.md"
ASX300_PROXY_VAS,4154,CXO,2026-08-20,2026-08-20 00:00:00+00,owner-supplied:pasted-into-session-2026-08-20,"ASX300 size proxy; provenance open, see reference/README.md"
ASX300_PROXY_VAS,4161,CYL,2026-08-20,2026-08-20 00:00:00+00,owner-supplied:pasted-into-session-2026-08-20,"ASX300 size proxy; provenance open, see reference/README.md"
ASX300_PROXY_VAS,4173,DBI,2026-08-20,2026-08-20 00:00:00+00,owner-supplied:pasted-into-session-2026-08-20,"ASX300 size proxy; provenance open, see reference/README.md"
ASX300_PROXY_VAS,4176,DDR,2026-08-20,2026-08-20 00:00:00+00,owner-supplied:pasted-into-session-2026-08-20,"ASX300 size proxy; provenance open, see reference/README.md"
ASX300_PROXY_VAS,4185,DGT,2026-08-20,2026-08-20 00:00:00+00,owner-supplied:pasted-into-session-2026-08-20,"ASX300 size proxy; provenance open, see reference/README.md"
ASX300_PROXY_VAS,4192,DMP,2026-08-20,2026-08-20 00:00:00+00,owner-supplied:pasted-into-session-2026-08-20,"ASX300 size proxy; provenance open, see reference/README.md"
ASX300_PROXY_VAS,4194,DNL,2026-08-20,2026-08-20 00:00:00+00,owner-supplied:pasted-into-session-2026-08-20,"ASX300 size proxy; provenance open, see reference/README.md"
ASX300_PROXY_VAS,4196,DOW,2026-08-20,2026-08-20 00:00:00+00,owner-supplied:pasted-into-session-2026-08-20,"ASX300 size proxy; provenance open, see reference/README.md"
ASX300_PROXY_VAS,4197,DPM,2026-08-20,2026-08-20 00:00:00+00,owner-supplied:pasted-into-session-2026-08-20,"ASX300 size proxy; provenance open, see reference/README.md"
ASX300_PROXY_VAS,4199,DRO,2026-08-20,2026-08-20 00:00:00+00,owner-supplied:pasted-into-session-2026-08-20,"ASX300 size proxy; provenance open, see reference/README.md"
ASX300_PROXY_VAS,4200,DRR,2026-08-20,2026-08-20 00:00:00+00,owner-supplied:pasted-into-session-2026-08-20,"ASX300 size proxy; provenance open, see reference/README.md"
ASX300_PROXY_VAS,4204,DTL,2026-08-20,2026-08-20 00:00:00+00,owner-supplied:pasted-into-session-2026-08-20,"ASX300 size proxy; provenance open, see reference/README.md"
ASX300_PROXY_VAS,4213,DVP,2026-08-20,2026-08-20 00:00:00+00,owner-supplied:pasted-into-session-2026-08-20,"ASX300 size proxy; provenance open, see reference/README.md"
ASX300_PROXY_VAS,4219,DXS,2026-08-20,2026-08-20 00:00:00+00,owner-supplied:pasted-into-session-2026-08-20,"ASX300 size proxy; provenance open, see reference/README.md"
ASX300_PROXY_VAS,4220,DYL,2026-08-20,2026-08-20 00:00:00+00,owner-supplied:pasted-into-session-2026-08-20,"ASX300 size proxy; provenance open, see reference/README.md"
ASX300_PROXY_VAS,4225,EBO,2026-08-20,2026-08-20 00:00:00+00,owner-supplied:pasted-into-session-2026-08-20,"ASX300 size proxy; provenance open, see reference/README.md"
ASX300_PROXY_VAS,4234,EDV,2026-08-20,2026-08-20 00:00:00+00,owner-supplied:pasted-into-session-2026-08-20,"ASX300 size proxy; provenance open, see reference/README.md"
ASX300_PROXY_VAS,4246,EIQ,2026-08-20,2026-08-20 00:00:00+00,owner-supplied:pasted-into-session-2026-08-20,"ASX300 size proxy; provenance open, see reference/README.md"
ASX300_PROXY_VAS,4248,ELD,2026-08-20,2026-08-20 00:00:00+00,owner-supplied:pasted-into-session-2026-08-20,"ASX300 size proxy; provenance open, see reference/README.md"
ASX300_PROXY_VAS,4249,ELS,2026-08-20,2026-08-20 00:00:00+00,owner-supplied:pasted-into-session-2026-08-20,"ASX300 size proxy; provenance open, see reference/README.md"
ASX300_PROXY_VAS,4251,ELV,2026-08-20,2026-08-20 00:00:00+00,owner-supplied:pasted-into-session-2026-08-20,"ASX300 size proxy; provenance open, see reference/README.md"
ASX300_PROXY_VAS,4263,EMR,2026-08-20,2026-08-20 00:00:00+00,owner-supplied:pasted-into-session-2026-08-20,"ASX300 size proxy; provenance open, see reference/README.md"
ASX300_PROXY_VAS,4273,EOS,2026-08-20,2026-08-20 00:00:00+00,owner-supplied:pasted-into-session-2026-08-20,"ASX300 size proxy; provenance open, see reference/README.md"
ASX300_PROXY_VAS,4279,EQR,2026-08-20,2026-08-20 00:00:00+00,owner-supplied:pasted-into-session-2026-08-20,"ASX300 size proxy; provenance open, see reference/README.md"
ASX300_PROXY_VAS,4296,EVN,2026-08-20,2026-08-20 00:00:00+00,owner-supplied:pasted-into-session-2026-08-20,"ASX300 size proxy; provenance open, see reference/README.md"
ASX300_PROXY_VAS,4299,EVT,2026-08-20,2026-08-20 00:00:00+00,owner-supplied:pasted-into-session-2026-08-20,"ASX300 size proxy; provenance open, see reference/README.md"
ASX300_PROXY_VAS,4313,FBU,2026-08-20,2026-08-20 00:00:00+00,owner-supplied:pasted-into-session-2026-08-20,"ASX300 size proxy; provenance open, see reference/README.md"
ASX300_PROXY_VAS,4317,FDC,2026-08-20,2026-08-20 00:00:00+00,owner-supplied:pasted-into-session-2026-08-20,"ASX300 size proxy; provenance open, see reference/README.md"
ASX300_PROXY_VAS,4325,FFM,2026-08-20,2026-08-20 00:00:00+00,owner-supplied:pasted-into-session-2026-08-20,"ASX300 size proxy; provenance open, see reference/README.md"
ASX300_PROXY_VAS,4339,FLT,2026-08-20,2026-08-20 00:00:00+00,owner-supplied:pasted-into-session-2026-08-20,"ASX300 size proxy; provenance open, see reference/README.md"
ASX300_PROXY_VAS,4342,FMG,2026-08-20,2026-08-20 00:00:00+00,owner-supplied:pasted-into-session-2026-08-20,"ASX300 size proxy; provenance open, see reference/README.md"
ASX300_PROXY_VAS,4351,FPH,2026-08-20,2026-08-20 00:00:00+00,owner-supplied:pasted-into-session-2026-08-20,"ASX300 size proxy; provenance open, see reference/README.md"
ASX300_PROXY_VAS,4358,FRW,2026-08-20,2026-08-20 00:00:00+00,owner-supplied:pasted-into-session-2026-08-20,"ASX300 size proxy; provenance open, see reference/README.md"
ASX300_PROXY_VAS,4371,G6M,2026-08-20,2026-08-20 00:00:00+00,owner-supplied:pasted-into-session-2026-08-20,"ASX300 size proxy; provenance open, see reference/README.md"
ASX300_PROXY_VAS,4382,GCI,2026-08-20,2026-08-20 00:00:00+00,owner-supplied:pasted-into-session-2026-08-20,"ASX300 size proxy; provenance open, see reference/README.md"
ASX300_PROXY_VAS,4386,GDG,2026-08-20,2026-08-20 00:00:00+00,owner-supplied:pasted-into-session-2026-08-20,"ASX300 size proxy; provenance open, see reference/README.md"
ASX300_PROXY_VAS,4398,GGP,2026-08-20,2026-08-20 00:00:00+00,owner-supplied:pasted-into-session-2026-08-20,"ASX300 size proxy; provenance open, see reference/README.md"
ASX300_PROXY_VAS,4406,GLF,2026-08-20,2026-08-20 00:00:00+00,owner-supplied:pasted-into-session-2026-08-20,"ASX300 size proxy; provenance open, see reference/README.md"
ASX300_PROXY_VAS,4410,GLS,2026-08-20,2026-08-20 00:00:00+00,owner-supplied:pasted-into-session-2026-08-20,"ASX300 size proxy; provenance open, see reference/README.md"
ASX300_PROXY_VAS,4411,GMD,2026-08-20,2026-08-20 00:00:00+00,owner-supplied:pasted-into-session-2026-08-20,"ASX300 size proxy; provenance open, see reference/README.md"
ASX300_PROXY_VAS,4412,GMG,2026-08-20,2026-08-20 00:00:00+00,owner-supplied:pasted-into-session-2026-08-20,"ASX300 size proxy; provenance open, see reference/README.md"
ASX300_PROXY_VAS,4415,GNC,2026-08-20,2026-08-20 00:00:00+00,owner-supplied:pasted-into-session-2026-08-20,"ASX300 size proxy; provenance open, see reference/README.md"
ASX300_PROXY_VAS,4416,GNE,2026-08-20,2026-08-20 00:00:00+00,owner-supplied:pasted-into-session-2026-08-20,"ASX300 size proxy; provenance open, see reference/README.md"
ASX300_PROXY_VAS,4417,GNG,2026-08-20,2026-08-20 00:00:00+00,owner-supplied:pasted-into-session-2026-08-20,"ASX300 size proxy; provenance open, see reference/README.md"
ASX300_PROXY_VAS,4419,GNP,2026-08-20,2026-08-20 00:00:00+00,owner-supplied:pasted-into-session-2026-08-20,"ASX300 size proxy; provenance open, see reference/README.md"
ASX300_PROXY_VAS,4421,GOZ,2026-08-20,2026-08-20 00:00:00+00,owner-supplied:pasted-into-session-2026-08-20,"ASX300 size proxy; provenance open, see reference/README.md"
ASX300_PROXY_VAS,4423,GPT,2026-08-20,2026-08-20 00:00:00+00,owner-supplied:pasted-into-session-2026-08-20,"ASX300 size proxy; provenance open, see reference/README.md"
ASX300_PROXY_VAS,4424,GQG,2026-08-20,2026-08-20 00:00:00+00,owner-supplied:pasted-into-session-2026-08-20,"ASX300 size proxy; provenance open, see reference/README.md"
ASX300_PROXY_VAS,4448,GYG,2026-08-20,2026-08-20 00:00:00+00,owner-supplied:pasted-into-session-2026-08-20,"ASX300 size proxy; provenance open, see reference/README.md"
ASX300_PROXY_VAS,4461,HDN,2026-08-20,2026-08-20 00:00:00+00,owner-supplied:pasted-into-session-2026-08-20,"ASX300 size proxy; provenance open, see reference/README.md"
ASX300_PROXY_VAS,4465,HGH,2026-08-20,2026-08-20 00:00:00+00,owner-supplied:pasted-into-session-2026-08-20,"ASX300 size proxy; provenance open, see reference/README.md"
ASX300_PROXY_VAS,4470,HLI,2026-08-20,2026-08-20 00:00:00+00,owner-supplied:pasted-into-session-2026-08-20,"ASX300 size proxy; provenance open, see reference/README.md"
ASX300_PROXY_VAS,4475,HMC,2026-08-20,2026-08-20 00:00:00+00,owner-supplied:pasted-into-session-2026-08-20,"ASX300 size proxy; provenance open, see reference/README.md"
ASX300_PROXY_VAS,4490,HUB,2026-08-20,2026-08-20 00:00:00+00,owner-supplied:pasted-into-session-2026-08-20,"ASX300 size proxy; provenance open, see reference/README.md"
ASX300_PROXY_VAS,4492,HVN,2026-08-20,2026-08-20 00:00:00+00,owner-supplied:pasted-into-session-2026-08-20,"ASX300 size proxy; provenance open, see reference/README.md"
ASX300_PROXY_VAS,4501,IAG,2026-08-20,2026-08-20 00:00:00+00,owner-supplied:pasted-into-session-2026-08-20,"ASX300 size proxy; provenance open, see reference/README.md"
ASX300_PROXY_VAS,4518,IFT,2026-08-20,2026-08-20 00:00:00+00,owner-supplied:pasted-into-session-2026-08-20,"ASX300 size proxy; provenance open, see reference/README.md"
ASX300_PROXY_VAS,4522,IGO,2026-08-20,2026-08-20 00:00:00+00,owner-supplied:pasted-into-session-2026-08-20,"ASX300 size proxy; provenance open, see reference/README.md"
ASX300_PROXY_VAS,4527,ILU,2026-08-20,2026-08-20 00:00:00+00,owner-supplied:pasted-into-session-2026-08-20,"ASX300 size proxy; provenance open, see reference/README.md"
ASX300_PROXY_VAS,4531,IMD,2026-08-20,2026-08-20 00:00:00+00,owner-supplied:pasted-into-session-2026-08-20,"ASX300 size proxy; provenance open, see reference/README.md"
ASX300_PROXY_VAS,4537,INA,2026-08-20,2026-08-20 00:00:00+00,owner-supplied:pasted-into-session-2026-08-20,"ASX300 size proxy; provenance open, see reference/README.md"
ASX300_PROXY_VAS,4549,IPH,2026-08-20,2026-08-20 00:00:00+00,owner-supplied:pasted-into-session-2026-08-20,"ASX300 size proxy; provenance open, see reference/README.md"
ASX300_PROXY_VAS,4551,IPX,2026-08-20,2026-08-20 00:00:00+00,owner-supplied:pasted-into-session-2026-08-20,"ASX300 size proxy; provenance open, see reference/README.md"
ASX300_PROXY_VAS,4553,IRE,2026-08-20,2026-08-20 00:00:00+00,owner-supplied:pasted-into-session-2026-08-20,"ASX300 size proxy; provenance open, see reference/README.md"
ASX300_PROXY_VAS,4569,JBH,2026-08-20,2026-08-20 00:00:00+00,owner-supplied:pasted-into-session-2026-08-20,"ASX300 size proxy; provenance open, see reference/README.md"
ASX300_PROXY_VAS,4571,JDO,2026-08-20,2026-08-20 00:00:00+00,owner-supplied:pasted-into-session-2026-08-20,"ASX300 size proxy; provenance open, see reference/README.md"
ASX300_PROXY_VAS,4573,JHX,2026-08-20,2026-08-20 00:00:00+00,owner-supplied:pasted-into-session-2026-08-20,"ASX300 size proxy; provenance open, see reference/README.md"
ASX300_PROXY_VAS,4584,KAR,2026-08-20,2026-08-20 00:00:00+00,owner-supplied:pasted-into-session-2026-08-20,"ASX300 size proxy; provenance open, see reference/README.md"
ASX300_PROXY_VAS,4589,KCN,2026-08-20,2026-08-20 00:00:00+00,owner-supplied:pasted-into-session-2026-08-20,"ASX300 size proxy; provenance open, see reference/README.md"
ASX300_PROXY_VAS,4599,KLS,2026-08-20,2026-08-20 00:00:00+00,owner-supplied:pasted-into-session-2026-08-20,"ASX300 size proxy; provenance open, see reference/README.md"
ASX300_PROXY_VAS,4624,L1G,2026-08-20,2026-08-20 00:00:00+00,owner-supplied:pasted-into-session-2026-08-20,"ASX300 size proxy; provenance open, see reference/README.md"
ASX300_PROXY_VAS,4641,LFG,2026-08-20,2026-08-20 00:00:00+00,owner-supplied:pasted-into-session-2026-08-20,"ASX300 size proxy; provenance open, see reference/README.md"
ASX300_PROXY_VAS,4642,LFS,2026-08-20,2026-08-20 00:00:00+00,owner-supplied:pasted-into-session-2026-08-20,"ASX300 size proxy; provenance open, see reference/README.md"
ASX300_PROXY_VAS,4644,LGF,2026-08-20,2026-08-20 00:00:00+00,owner-supplied:pasted-into-session-2026-08-20,"ASX300 size proxy; provenance open, see reference/README.md"
ASX300_PROXY_VAS,4650,LIN,2026-08-20,2026-08-20 00:00:00+00,owner-supplied:pasted-into-session-2026-08-20,"ASX300 size proxy; provenance open, see reference/README.md"
ASX300_PROXY_VAS,4657,LLC,2026-08-20,2026-08-20 00:00:00+00,owner-supplied:pasted-into-session-2026-08-20,"ASX300 size proxy; provenance open, see reference/README.md"
ASX300_PROXY_VAS,4665,LNW,2026-08-20,2026-08-20 00:00:00+00,owner-supplied:pasted-into-session-2026-08-20,"ASX300 size proxy; provenance open, see reference/README.md"
ASX300_PROXY_VAS,4667,LOV,2026-08-20,2026-08-20 00:00:00+00,owner-supplied:pasted-into-session-2026-08-20,"ASX300 size proxy; provenance open, see reference/README.md"
ASX300_PROXY_VAS,4676,LSF,2026-08-20,2026-08-20 00:00:00+00,owner-supplied:pasted-into-session-2026-08-20,"ASX300 size proxy; provenance open, see reference/README.md"
ASX300_PROXY_VAS,4680,LTR,2026-08-20,2026-08-20 00:00:00+00,owner-supplied:pasted-into-session-2026-08-20,"ASX300 size proxy; provenance open, see reference/README.md"
ASX300_PROXY_VAS,4684,LYC,2026-08-20,2026-08-20 00:00:00+00,owner-supplied:pasted-into-session-2026-08-20,"ASX300 size proxy; provenance open, see reference/README.md"
ASX300_PROXY_VAS,4695,MAD,2026-08-20,2026-08-20 00:00:00+00,owner-supplied:pasted-into-session-2026-08-20,"ASX300 size proxy; provenance open, see reference/README.md"
ASX300_PROXY_VAS,4696,MAF,2026-08-20,2026-08-20 00:00:00+00,owner-supplied:pasted-into-session-2026-08-20,"ASX300 size proxy; provenance open, see reference/README.md"
ASX300_PROXY_VAS,4698,MAH,2026-08-20,2026-08-20 00:00:00+00,owner-supplied:pasted-into-session-2026-08-20,"ASX300 size proxy; provenance open, see reference/README.md"
ASX300_PROXY_VAS,4702,MAQ,2026-08-20,2026-08-20 00:00:00+00,owner-supplied:pasted-into-session-2026-08-20,"ASX300 size proxy; provenance open, see reference/README.md"
ASX300_PROXY_VAS,4713,MCY,2026-08-20,2026-08-20 00:00:00+00,owner-supplied:pasted-into-session-2026-08-20,"ASX300 size proxy; provenance open, see reference/README.md"
ASX300_PROXY_VAS,4724,MEZ,2026-08-20,2026-08-20 00:00:00+00,owner-supplied:pasted-into-session-2026-08-20,"ASX300 size proxy; provenance open, see reference/README.md"
ASX300_PROXY_VAS,4726,MFF,2026-08-20,2026-08-20 00:00:00+00,owner-supplied:pasted-into-session-2026-08-20,"ASX300 size proxy; provenance open, see reference/README.md"
ASX300_PROXY_VAS,4727,MFG,2026-08-20,2026-08-20 00:00:00+00,owner-supplied:pasted-into-session-2026-08-20,"ASX300 size proxy; provenance open, see reference/README.md"
ASX300_PROXY_VAS,4729,MGH,2026-08-20,2026-08-20 00:00:00+00,owner-supplied:pasted-into-session-2026-08-20,"ASX300 size proxy; provenance open, see reference/README.md"
ASX300_PROXY_VAS,4731,MGR,2026-08-20,2026-08-20 00:00:00+00,owner-supplied:pasted-into-session-2026-08-20,"ASX300 size proxy; provenance open, see reference/README.md"
ASX300_PROXY_VAS,4739,MI6,2026-08-20,2026-08-20 00:00:00+00,owner-supplied:pasted-into-session-2026-08-20,"ASX300 size proxy; provenance open, see reference/README.md"
ASX300_PROXY_VAS,4740,MIN,2026-08-20,2026-08-20 00:00:00+00,owner-supplied:pasted-into-session-2026-08-20,"ASX300 size proxy; provenance open, see reference/README.md"
ASX300_PROXY_VAS,4747,MLX,2026-08-20,2026-08-20 00:00:00+00,owner-supplied:pasted-into-session-2026-08-20,"ASX300 size proxy; provenance open, see reference/README.md"
ASX300_PROXY_VAS,4755,MMS,2026-08-20,2026-08-20 00:00:00+00,owner-supplied:pasted-into-session-2026-08-20,"ASX300 size proxy; provenance open, see reference/README.md"
ASX300_PROXY_VAS,4758,MND,2026-08-20,2026-08-20 00:00:00+00,owner-supplied:pasted-into-session-2026-08-20,"ASX300 size proxy; provenance open, see reference/README.md"
ASX300_PROXY_VAS,4765,MP1,2026-08-20,2026-08-20 00:00:00+00,owner-supplied:pasted-into-session-2026-08-20,"ASX300 size proxy; provenance open, see reference/README.md"
ASX300_PROXY_VAS,4767,MPL,2026-08-20,2026-08-20 00:00:00+00,owner-supplied:pasted-into-session-2026-08-20,"ASX300 size proxy; provenance open, see reference/README.md"
ASX300_PROXY_VAS,4772,MQG,2026-08-20,2026-08-20 00:00:00+00,owner-supplied:pasted-into-session-2026-08-20,"ASX300 size proxy; provenance open, see reference/README.md"
ASX300_PROXY_VAS,4780,MSB,2026-08-20,2026-08-20 00:00:00+00,owner-supplied:pasted-into-session-2026-08-20,"ASX300 size proxy; provenance open, see reference/README.md"
ASX300_PROXY_VAS,4789,MTS,2026-08-20,2026-08-20 00:00:00+00,owner-supplied:pasted-into-session-2026-08-20,"ASX300 size proxy; provenance open, see reference/README.md"
ASX300_PROXY_VAS,4796,MXT,2026-08-20,2026-08-20 00:00:00+00,owner-supplied:pasted-into-session-2026-08-20,"ASX300 size proxy; provenance open, see reference/README.md"
ASX300_PROXY_VAS,4803,NAB,2026-08-20,2026-08-20 00:00:00+00,owner-supplied:pasted-into-session-2026-08-20,"ASX300 size proxy; provenance open, see reference/README.md"
ASX300_PROXY_VAS,4807,NAN,2026-08-20,2026-08-20 00:00:00+00,owner-supplied:pasted-into-session-2026-08-20,"ASX300 size proxy; provenance open, see reference/README.md"
ASX300_PROXY_VAS,4811,NCK,2026-08-20,2026-08-20 00:00:00+00,owner-supplied:pasted-into-session-2026-08-20,"ASX300 size proxy; provenance open, see reference/README.md"
ASX300_PROXY_VAS,4813,NEC,2026-08-20,2026-08-20 00:00:00+00,owner-supplied:pasted-into-session-2026-08-20,"ASX300 size proxy; provenance open, see reference/README.md"
ASX300_PROXY_VAS,4814,NEM,2026-08-20,2026-08-20 00:00:00+00,owner-supplied:pasted-into-session-2026-08-20,"ASX300 size proxy; provenance open, see reference/README.md"
ASX300_PROXY_VAS,4816,NEU,2026-08-20,2026-08-20 00:00:00+00,owner-supplied:pasted-into-session-2026-08-20,"ASX300 size proxy; provenance open, see reference/README.md"
ASX300_PROXY_VAS,4820,NGI,2026-08-20,2026-08-20 00:00:00+00,owner-supplied:pasted-into-session-2026-08-20,"ASX300 size proxy; provenance open, see reference/README.md"
ASX300_PROXY_VAS,4825,NHC,2026-08-20,2026-08-20 00:00:00+00,owner-supplied:pasted-into-session-2026-08-20,"ASX300 size proxy; provenance open, see reference/README.md"
ASX300_PROXY_VAS,4827,NHF,2026-08-20,2026-08-20 00:00:00+00,owner-supplied:pasted-into-session-2026-08-20,"ASX300 size proxy; provenance open, see reference/README.md"
ASX300_PROXY_VAS,4829,NIC,2026-08-20,2026-08-20 00:00:00+00,owner-supplied:pasted-into-session-2026-08-20,"ASX300 size proxy; provenance open, see reference/README.md"
ASX300_PROXY_VAS,4848,NST,2026-08-20,2026-08-20 00:00:00+00,owner-supplied:pasted-into-session-2026-08-20,"ASX300 size proxy; provenance open, see reference/README.md"
ASX300_PROXY_VAS,4854,NUF,2026-08-20,2026-08-20 00:00:00+00,owner-supplied:pasted-into-session-2026-08-20,"ASX300 size proxy; provenance open, see reference/README.md"
ASX300_PROXY_VAS,4861,NWH,2026-08-20,2026-08-20 00:00:00+00,owner-supplied:pasted-into-session-2026-08-20,"ASX300 size proxy; provenance open, see reference/README.md"
ASX300_PROXY_VAS,4862,NWL,2026-08-20,2026-08-20 00:00:00+00,owner-supplied:pasted-into-session-2026-08-20,"ASX300 size proxy; provenance open, see reference/README.md"
ASX300_PROXY_VAS,4864,NWS,2026-08-20,2026-08-20 00:00:00+00,owner-supplied:pasted-into-session-2026-08-20,"ASX300 size proxy; provenance open, see reference/README.md"
ASX300_PROXY_VAS,4867,NXG,2026-08-20,2026-08-20 00:00:00+00,owner-supplied:pasted-into-session-2026-08-20,"ASX300 size proxy; provenance open, see reference/README.md"
ASX300_PROXY_VAS,4871,NXT,2026-08-20,2026-08-20 00:00:00+00,owner-supplied:pasted-into-session-2026-08-20,"ASX300 size proxy; provenance open, see reference/README.md"
ASX300_PROXY_VAS,4879,OBM,2026-08-20,2026-08-20 00:00:00+00,owner-supplied:pasted-into-session-2026-08-20,"ASX300 size proxy; provenance open, see reference/README.md"
ASX300_PROXY_VAS,4908,ORA,2026-08-20,2026-08-20 00:00:00+00,owner-supplied:pasted-into-session-2026-08-20,"ASX300 size proxy; provenance open, see reference/README.md"
ASX300_PROXY_VAS,4911,ORG,2026-08-20,2026-08-20 00:00:00+00,owner-supplied:pasted-into-session-2026-08-20,"ASX300 size proxy; provenance open, see reference/README.md"
ASX300_PROXY_VAS,4912,ORI,2026-08-20,2026-08-20 00:00:00+00,owner-supplied:pasted-into-session-2026-08-20,"ASX300 size proxy; provenance open, see reference/README.md"
ASX300_PROXY_VAS,4935,PDI,2026-08-20,2026-08-20 00:00:00+00,owner-supplied:pasted-into-session-2026-08-20,"ASX300 size proxy; provenance open, see reference/README.md"
ASX300_PROXY_VAS,4936,PDN,2026-08-20,2026-08-20 00:00:00+00,owner-supplied:pasted-into-session-2026-08-20,"ASX300 size proxy; provenance open, see reference/README.md"
ASX300_PROXY_VAS,4950,PGF,2026-08-20,2026-08-20 00:00:00+00,owner-supplied:pasted-into-session-2026-08-20,"ASX300 size proxy; provenance open, see reference/README.md"
ASX300_PROXY_VAS,4966,PL8,2026-08-20,2026-08-20 00:00:00+00,owner-supplied:pasted-into-session-2026-08-20,"ASX300 size proxy; provenance open, see reference/README.md"
ASX300_PROXY_VAS,4971,PLS,2026-08-20,2026-08-20 00:00:00+00,owner-supplied:pasted-into-session-2026-08-20,"ASX300 size proxy; provenance open, see reference/README.md"
ASX300_PROXY_VAS,4974,PME,2026-08-20,2026-08-20 00:00:00+00,owner-supplied:pasted-into-session-2026-08-20,"ASX300 size proxy; provenance open, see reference/README.md"
ASX300_PROXY_VAS,4977,PMV,2026-08-20,2026-08-20 00:00:00+00,owner-supplied:pasted-into-session-2026-08-20,"ASX300 size proxy; provenance open, see reference/README.md"
ASX300_PROXY_VAS,4979,PNI,2026-08-20,2026-08-20 00:00:00+00,owner-supplied:pasted-into-session-2026-08-20,"ASX300 size proxy; provenance open, see reference/README.md"
ASX300_PROXY_VAS,4981,PNR,2026-08-20,2026-08-20 00:00:00+00,owner-supplied:pasted-into-session-2026-08-20,"ASX300 size proxy; provenance open, see reference/README.md"
ASX300_PROXY_VAS,4993,PPT,2026-08-20,2026-08-20 00:00:00+00,owner-supplied:pasted-into-session-2026-08-20,"ASX300 size proxy; provenance open, see reference/README.md"
ASX300_PROXY_VAS,4999,PRN,2026-08-20,2026-08-20 00:00:00+00,owner-supplied:pasted-into-session-2026-08-20,"ASX300 size proxy; provenance open, see reference/README.md"
ASX300_PROXY_VAS,5001,PRU,2026-08-20,2026-08-20 00:00:00+00,owner-supplied:pasted-into-session-2026-08-20,"ASX300 size proxy; provenance open, see reference/README.md"
ASX300_PROXY_VAS,5014,PWH,2026-08-20,2026-08-20 00:00:00+00,owner-supplied:pasted-into-session-2026-08-20,"ASX300 size proxy; provenance open, see reference/README.md"
ASX300_PROXY_VAS,5017,PXA,2026-08-20,2026-08-20 00:00:00+00,owner-supplied:pasted-into-session-2026-08-20,"ASX300 size proxy; provenance open, see reference/README.md"
ASX300_PROXY_VAS,5020,PYC,2026-08-20,2026-08-20 00:00:00+00,owner-supplied:pasted-into-session-2026-08-20,"ASX300 size proxy; provenance open, see reference/README.md"
ASX300_PROXY_VAS,5021,QAL,2026-08-20,2026-08-20 00:00:00+00,owner-supplied:pasted-into-session-2026-08-20,"ASX300 size proxy; provenance open, see reference/README.md"
ASX300_PROXY_VAS,5022,QAN,2026-08-20,2026-08-20 00:00:00+00,owner-supplied:pasted-into-session-2026-08-20,"ASX300 size proxy; provenance open, see reference/README.md"
ASX300_PROXY_VAS,5023,QBE,2026-08-20,2026-08-20 00:00:00+00,owner-supplied:pasted-into-session-2026-08-20,"ASX300 size proxy; provenance open, see reference/README.md"
ASX300_PROXY_VAS,5029,QRI,2026-08-20,2026-08-20 00:00:00+00,owner-supplied:pasted-into-session-2026-08-20,"ASX300 size proxy; provenance open, see reference/README.md"
ASX300_PROXY_VAS,5052,RDX,2026-08-20,2026-08-20 00:00:00+00,owner-supplied:pasted-into-session-2026-08-20,"ASX300 size proxy; provenance open, see reference/README.md"
ASX300_PROXY_VAS,5054,REA,2026-08-20,2026-08-20 00:00:00+00,owner-supplied:pasted-into-session-2026-08-20,"ASX300 size proxy; provenance open, see reference/README.md"
ASX300_PROXY_VAS,5057,REG,2026-08-20,2026-08-20 00:00:00+00,owner-supplied:pasted-into-session-2026-08-20,"ASX300 size proxy; provenance open, see reference/README.md"
ASX300_PROXY_VAS,5058,REH,2026-08-20,2026-08-20 00:00:00+00,owner-supplied:pasted-into-session-2026-08-20,"ASX300 size proxy; provenance open, see reference/README.md"
ASX300_PROXY_VAS,5070,RGN,2026-08-20,2026-08-20 00:00:00+00,owner-supplied:pasted-into-session-2026-08-20,"ASX300 size proxy; provenance open, see reference/README.md"
ASX300_PROXY_VAS,5072,RHC,2026-08-20,2026-08-20 00:00:00+00,owner-supplied:pasted-into-session-2026-08-20,"ASX300 size proxy; provenance open, see reference/README.md"
ASX300_PROXY_VAS,5076,RIC,2026-08-20,2026-08-20 00:00:00+00,owner-supplied:pasted-into-session-2026-08-20,"ASX300 size proxy; provenance open, see reference/README.md"
ASX300_PROXY_VAS,5080,RIO,2026-08-20,2026-08-20 00:00:00+00,owner-supplied:pasted-into-session-2026-08-20,"ASX300 size proxy; provenance open, see reference/README.md"
ASX300_PROXY_VAS,5089,RMD,2026-08-20,2026-08-20 00:00:00+00,owner-supplied:pasted-into-session-2026-08-20,"ASX300 size proxy; provenance open, see reference/README.md"
ASX300_PROXY_VAS,5092,RMS,2026-08-20,2026-08-20 00:00:00+00,owner-supplied:pasted-into-session-2026-08-20,"ASX300 size proxy; provenance open, see reference/README.md"
ASX300_PROXY_VAS,5103,RPL,2026-08-20,2026-08-20 00:00:00+00,owner-supplied:pasted-into-session-2026-08-20,"ASX300 size proxy; provenance open, see reference/README.md"
ASX300_PROXY_VAS,5107,RRL,2026-08-20,2026-08-20 00:00:00+00,owner-supplied:pasted-into-session-2026-08-20,"ASX300 size proxy; provenance open, see reference/README.md"
ASX300_PROXY_VAS,5109,RSG,2026-08-20,2026-08-20 00:00:00+00,owner-supplied:pasted-into-session-2026-08-20,"ASX300 size proxy; provenance open, see reference/README.md"
ASX300_PROXY_VAS,5114,RWC,2026-08-20,2026-08-20 00:00:00+00,owner-supplied:pasted-into-session-2026-08-20,"ASX300 size proxy; provenance open, see reference/README.md"
ASX300_PROXY_VAS,5119,RYM,2026-08-20,2026-08-20 00:00:00+00,owner-supplied:pasted-into-session-2026-08-20,"ASX300 size proxy; provenance open, see reference/README.md"
ASX300_PROXY_VAS,5122,S32,2026-08-20,2026-08-20 00:00:00+00,owner-supplied:pasted-into-session-2026-08-20,"ASX300 size proxy; provenance open, see reference/README.md"
ASX300_PROXY_VAS,5129,SCG,2026-08-20,2026-08-20 00:00:00+00,owner-supplied:pasted-into-session-2026-08-20,"ASX300 size proxy; provenance open, see reference/README.md"
ASX300_PROXY_VAS,5132,SDF,2026-08-20,2026-08-20 00:00:00+00,owner-supplied:pasted-into-session-2026-08-20,"ASX300 size proxy; provenance open, see reference/README.md"
ASX300_PROXY_VAS,5133,SDR,2026-08-20,2026-08-20 00:00:00+00,owner-supplied:pasted-into-session-2026-08-20,"ASX300 size proxy; provenance open, see reference/README.md"
ASX300_PROXY_VAS,5138,SEK,2026-08-20,2026-08-20 00:00:00+00,owner-supplied:pasted-into-session-2026-08-20,"ASX300 size proxy; provenance open, see reference/README.md"
ASX300_PROXY_VAS,5146,SFR,2026-08-20,2026-08-20 00:00:00+00,owner-supplied:pasted-into-session-2026-08-20,"ASX300 size proxy; provenance open, see reference/README.md"
ASX300_PROXY_VAS,5150,SGH,2026-08-20,2026-08-20 00:00:00+00,owner-supplied:pasted-into-session-2026-08-20,"ASX300 size proxy; provenance open, see reference/README.md"
ASX300_PROXY_VAS,5152,SGLLV,2026-08-20,2026-08-20 00:00:00+00,owner-supplied:pasted-into-session-2026-08-20,"ASX300 size proxy; provenance open, see reference/README.md"
ASX300_PROXY_VAS,5153,SGM,2026-08-20,2026-08-20 00:00:00+00,owner-supplied:pasted-into-session-2026-08-20,"ASX300 size proxy; provenance open, see reference/README.md"
ASX300_PROXY_VAS,5154,SGP,2026-08-20,2026-08-20 00:00:00+00,owner-supplied:pasted-into-session-2026-08-20,"ASX300 size proxy; provenance open, see reference/README.md"
ASX300_PROXY_VAS,5161,SHL,2026-08-20,2026-08-20 00:00:00+00,owner-supplied:pasted-into-session-2026-08-20,"ASX300 size proxy; provenance open, see reference/README.md"
ASX300_PROXY_VAS,5166,SIG,2026-08-20,2026-08-20 00:00:00+00,owner-supplied:pasted-into-session-2026-08-20,"ASX300 size proxy; provenance open, see reference/README.md"
ASX300_PROXY_VAS,5168,SIQ,2026-08-20,2026-08-20 00:00:00+00,owner-supplied:pasted-into-session-2026-08-20,"ASX300 size proxy; provenance open, see reference/README.md"
ASX300_PROXY_VAS,5174,SKG,2026-08-20,2026-08-20 00:00:00+00,owner-supplied:pasted-into-session-2026-08-20,"ASX300 size proxy; provenance open, see reference/README.md"
ASX300_PROXY_VAS,5179,SKS,2026-08-20,2026-08-20 00:00:00+00,owner-supplied:pasted-into-session-2026-08-20,"ASX300 size proxy; provenance open, see reference/README.md"
ASX300_PROXY_VAS,5184,SLC,2026-08-20,2026-08-20 00:00:00+00,owner-supplied:pasted-into-session-2026-08-20,"ASX300 size proxy; provenance open, see reference/README.md"
ASX300_PROXY_VAS,5188,SLX,2026-08-20,2026-08-20 00:00:00+00,owner-supplied:pasted-into-session-2026-08-20,"ASX300 size proxy; provenance open, see reference/README.md"
ASX300_PROXY_VAS,5194,SMR,2026-08-20,2026-08-20 00:00:00+00,owner-supplied:pasted-into-session-2026-08-20,"ASX300 size proxy; provenance open, see reference/README.md"
ASX300_PROXY_VAS,5200,SNL,2026-08-20,2026-08-20 00:00:00+00,owner-supplied:pasted-into-session-2026-08-20,"ASX300 size proxy; provenance open, see reference/README.md"
ASX300_PROXY_VAS,5205,SNZ,2026-08-20,2026-08-20 00:00:00+00,owner-supplied:pasted-into-session-2026-08-20,"ASX300 size proxy; provenance open, see reference/README.md"
ASX300_PROXY_VAS,5207,SOL,2026-08-20,2026-08-20 00:00:00+00,owner-supplied:pasted-into-session-2026-08-20,"ASX300 size proxy; provenance open, see reference/README.md"
ASX300_PROXY_VAS,5216,SPK,2026-08-20,2026-08-20 00:00:00+00,owner-supplied:pasted-into-session-2026-08-20,"ASX300 size proxy; provenance open, see reference/README.md"
ASX300_PROXY_VAS,5223,SRG,2026-08-20,2026-08-20 00:00:00+00,owner-supplied:pasted-into-session-2026-08-20,"ASX300 size proxy; provenance open, see reference/README.md"
ASX300_PROXY_VAS,5227,SRL,2026-08-20,2026-08-20 00:00:00+00,owner-supplied:pasted-into-session-2026-08-20,"ASX300 size proxy; provenance open, see reference/README.md"
ASX300_PROXY_VAS,5237,SSM,2026-08-20,2026-08-20 00:00:00+00,owner-supplied:pasted-into-session-2026-08-20,"ASX300 size proxy; provenance open, see reference/README.md"
ASX300_PROXY_VAS,5244,STO,2026-08-20,2026-08-20 00:00:00+00,owner-supplied:pasted-into-session-2026-08-20,"ASX300 size proxy; provenance open, see reference/README.md"
ASX300_PROXY_VAS,5249,SUL,2026-08-20,2026-08-20 00:00:00+00,owner-supplied:pasted-into-session-2026-08-20,"ASX300 size proxy; provenance open, see reference/README.md"
ASX300_PROXY_VAS,5250,SUN,2026-08-20,2026-08-20 00:00:00+00,owner-supplied:pasted-into-session-2026-08-20,"ASX300 size proxy; provenance open, see reference/README.md"
ASX300_PROXY_VAS,5257,SX2,2026-08-20,2026-08-20 00:00:00+00,owner-supplied:pasted-into-session-2026-08-20,"ASX300 size proxy; provenance open, see reference/README.md"
ASX300_PROXY_VAS,5258,SXE,2026-08-20,2026-08-20 00:00:00+00,owner-supplied:pasted-into-session-2026-08-20,"ASX300 size proxy; provenance open, see reference/README.md"
ASX300_PROXY_VAS,5265,TAH,2026-08-20,2026-08-20 00:00:00+00,owner-supplied:pasted-into-session-2026-08-20,"ASX300 size proxy; provenance open, see reference/README.md"
ASX300_PROXY_VAS,5275,TCL,2026-08-20,2026-08-20 00:00:00+00,owner-supplied:pasted-into-session-2026-08-20,"ASX300 size proxy; provenance open, see reference/README.md"
ASX300_PROXY_VAS,5279,TEA,2026-08-20,2026-08-20 00:00:00+00,owner-supplied:pasted-into-session-2026-08-20,"ASX300 size proxy; provenance open, see reference/README.md"
ASX300_PROXY_VAS,5299,TLC,2026-08-20,2026-08-20 00:00:00+00,owner-supplied:pasted-into-session-2026-08-20,"ASX300 size proxy; provenance open, see reference/README.md"
ASX300_PROXY_VAS,5302,TLS,2026-08-20,2026-08-20 00:00:00+00,owner-supplied:pasted-into-session-2026-08-20,"ASX300 size proxy; provenance open, see reference/README.md"
ASX300_PROXY_VAS,5303,TLX,2026-08-20,2026-08-20 00:00:00+00,owner-supplied:pasted-into-session-2026-08-20,"ASX300 size proxy; provenance open, see reference/README.md"
ASX300_PROXY_VAS,5311,TNE,2026-08-20,2026-08-20 00:00:00+00,owner-supplied:pasted-into-session-2026-08-20,"ASX300 size proxy; provenance open, see reference/README.md"
ASX300_PROXY_VAS,5320,TPG,2026-08-20,2026-08-20 00:00:00+00,owner-supplied:pasted-into-session-2026-08-20,"ASX300 size proxy; provenance open, see reference/README.md"
ASX300_PROXY_VAS,5338,TUA,2026-08-20,2026-08-20 00:00:00+00,owner-supplied:pasted-into-session-2026-08-20,"ASX300 size proxy; provenance open, see reference/README.md"
ASX300_PROXY_VAS,5342,TWE,2026-08-20,2026-08-20 00:00:00+00,owner-supplied:pasted-into-session-2026-08-20,"ASX300 size proxy; provenance open, see reference/README.md"
ASX300_PROXY_VAS,5364,VAU,2026-08-20,2026-08-20 00:00:00+00,owner-supplied:pasted-into-session-2026-08-20,"ASX300 size proxy; provenance open, see reference/README.md"
ASX300_PROXY_VAS,5368,VCX,2026-08-20,2026-08-20 00:00:00+00,owner-supplied:pasted-into-session-2026-08-20,"ASX300 size proxy; provenance open, see reference/README.md"
ASX300_PROXY_VAS,5369,VEA,2026-08-20,2026-08-20 00:00:00+00,owner-supplied:pasted-into-session-2026-08-20,"ASX300 size proxy; provenance open, see reference/README.md"
ASX300_PROXY_VAS,5375,VGN,2026-08-20,2026-08-20 00:00:00+00,owner-supplied:pasted-into-session-2026-08-20,"ASX300 size proxy; provenance open, see reference/README.md"
ASX300_PROXY_VAS,5388,VNT,2026-08-20,2026-08-20 00:00:00+00,owner-supplied:pasted-into-session-2026-08-20,"ASX300 size proxy; provenance open, see reference/README.md"
ASX300_PROXY_VAS,5401,VUL,2026-08-20,2026-08-20 00:00:00+00,owner-supplied:pasted-into-session-2026-08-20,"ASX300 size proxy; provenance open, see reference/README.md"
ASX300_PROXY_VAS,5407,WAF,2026-08-20,2026-08-20 00:00:00+00,owner-supplied:pasted-into-session-2026-08-20,"ASX300 size proxy; provenance open, see reference/README.md"
ASX300_PROXY_VAS,5410,WAM,2026-08-20,2026-08-20 00:00:00+00,owner-supplied:pasted-into-session-2026-08-20,"ASX300 size proxy; provenance open, see reference/README.md"
ASX300_PROXY_VAS,5415,WBC,2026-08-20,2026-08-20 00:00:00+00,owner-supplied:pasted-into-session-2026-08-20,"ASX300 size proxy; provenance open, see reference/README.md"
ASX300_PROXY_VAS,5416,WBT,2026-08-20,2026-08-20 00:00:00+00,owner-supplied:pasted-into-session-2026-08-20,"ASX300 size proxy; provenance open, see reference/README.md"
ASX300_PROXY_VAS,5421,WDS,2026-08-20,2026-08-20 00:00:00+00,owner-supplied:pasted-into-session-2026-08-20,"ASX300 size proxy; provenance open, see reference/README.md"
ASX300_PROXY_VAS,5422,WEB,2026-08-20,2026-08-20 00:00:00+00,owner-supplied:pasted-into-session-2026-08-20,"ASX300 size proxy; provenance open, see reference/README.md"
ASX300_PROXY_VAS,5425,WES,2026-08-20,2026-08-20 00:00:00+00,owner-supplied:pasted-into-session-2026-08-20,"ASX300 size proxy; provenance open, see reference/README.md"
ASX300_PROXY_VAS,5427,WGN,2026-08-20,2026-08-20 00:00:00+00,owner-supplied:pasted-into-session-2026-08-20,"ASX300 size proxy; provenance open, see reference/README.md"
ASX300_PROXY_VAS,5429,WGX,2026-08-20,2026-08-20 00:00:00+00,owner-supplied:pasted-into-session-2026-08-20,"ASX300 size proxy; provenance open, see reference/README.md"
ASX300_PROXY_VAS,5430,WHC,2026-08-20,2026-08-20 00:00:00+00,owner-supplied:pasted-into-session-2026-08-20,"ASX300 size proxy; provenance open, see reference/README.md"
ASX300_PROXY_VAS,5437,WLE,2026-08-20,2026-08-20 00:00:00+00,owner-supplied:pasted-into-session-2026-08-20,"ASX300 size proxy; provenance open, see reference/README.md"
ASX300_PROXY_VAS,5445,WOR,2026-08-20,2026-08-20 00:00:00+00,owner-supplied:pasted-into-session-2026-08-20,"ASX300 size proxy; provenance open, see reference/README.md"
ASX300_PROXY_VAS,5447,WOW,2026-08-20,2026-08-20 00:00:00+00,owner-supplied:pasted-into-session-2026-08-20,"ASX300 size proxy; provenance open, see reference/README.md"
ASX300_PROXY_VAS,5448,WPR,2026-08-20,2026-08-20 00:00:00+00,owner-supplied:pasted-into-session-2026-08-20,"ASX300 size proxy; provenance open, see reference/README.md"
ASX300_PROXY_VAS,5454,WTC,2026-08-20,2026-08-20 00:00:00+00,owner-supplied:pasted-into-session-2026-08-20,"ASX300 size proxy; provenance open, see reference/README.md"
ASX300_PROXY_VAS,5471,XRO,2026-08-20,2026-08-20 00:00:00+00,owner-supplied:pasted-into-session-2026-08-20,"ASX300 size proxy; provenance open, see reference/README.md"
ASX300_PROXY_VAS,5473,XYZ,2026-08-20,2026-08-20 00:00:00+00,owner-supplied:pasted-into-session-2026-08-20,"ASX300 size proxy; provenance open, see reference/README.md"
ASX300_PROXY_VAS,5474,YAL,2026-08-20,2026-08-20 00:00:00+00,owner-supplied:pasted-into-session-2026-08-20,"ASX300 size proxy; provenance open, see reference/README.md"
ASX300_PROXY_VAS,5484,ZIM,2026-08-20,2026-08-20 00:00:00+00,owner-supplied:pasted-into-session-2026-08-20,"ASX300 size proxy; provenance open, see reference/README.md"
ASX300_PROXY_VAS,5485,ZIP,2026-08-20,2026-08-20 00:00:00+00,owner-supplied:pasted-into-session-2026-08-20,"ASX300 size proxy; provenance open, see reference/README.md"
