listing_id,entity_id,exchange,ticker,security_class,valid_from,valid_to,source,source_doc_id,source_load_id
3669,3661,ASX,10X,ORD,2025-12-11,,asx_file,,4
3670,3662,ASX,14D,ORD,2018-09-12,,asx_file,,4
3671,3663,ASX,1AD,ORD,2016-08-22,,asx_file,,4
3672,3664,ASX,1AE,ORD,2022-05-18,,asx_file,,4
3673,3665,ASX,1AI,ORD,2004-09-01,,asx_file,,4
3674,3666,ASX,1CG,ORD,2017-04-28,,asx_file,,4
3675,3667,ASX,1MC,ORD,2001-01-08,,asx_file,,4
3676,3668,ASX,1TT,ORD,2015-07-09,,asx_file,,4
3677,3669,ASX,29M,ORD,2021-07-02,,asx_file,,4
3678,3670,ASX,360,ORD,2019-05-10,,asx_file,,4
3679,3671,ASX,3DA,ORD,2019-12-06,,asx_file,,4
3680,3672,ASX,3DP,ORD,2008-03-27,,asx_file,,4
3681,3673,ASX,3PL,ORD,2014-07-09,,asx_file,,4
3682,3674,ASX,49M,ORD,2026-03-31,,asx_file,,4
3683,3675,ASX,4DS,ORD,2010-12-09,,asx_file,,4
3684,3676,ASX,4DX,ORD,2020-08-07,,asx_file,,4
3685,3677,ASX,5GG,ORD,2021-01-29,,asx_file,,4
3686,3678,ASX,5GN,ORD,1999-12-14,,asx_file,,4
3687,3679,ASX,6KA,ORD,2025-12-04,,asx_file,,4
3688,3680,ASX,88E,ORD,2000-01-20,,asx_file,,4
3689,3681,ASX,8CO,ORD,2014-08-27,,asx_file,,4
3690,3682,ASX,8IH,ORD,2014-12-17,,asx_file,,4
3691,3683,ASX,A11,ORD,2022-09-26,,asx_file,,4
3692,3684,ASX,A1M,ORD,1993-11-04,,asx_file,,4
3693,3685,ASX,A1N,ORD,1992-05-07,,asx_file,,4
3694,3686,ASX,A2M,ORD,2015-03-31,,asx_file,,4
3695,3687,ASX,A3D,ORD,2016-08-16,,asx_file,,4
3696,3688,ASX,A4N,ORD,2007-10-22,,asx_file,,4
3697,3689,ASX,A8G,ORD,2021-05-13,,asx_file,,4
3698,3690,ASX,AA2,ORD,2025-09-10,,asx_file,,4
3699,3691,ASX,AAC,ORD,2001-08-10,,asx_file,,4
3700,3692,ASX,AAI,ORD,2024-07-24,,asx_file,,4
3701,3693,ASX,AAJ,ORD,2010-07-23,,asx_file,,4
3702,3694,ASX,AAL,ORD,2024-06-28,,asx_file,,4
3703,3695,ASX,AAM,ORD,2017-03-08,,asx_file,,4
3704,3696,ASX,AAP,ORD,2004-01-07,,asx_file,,4
3705,3697,ASX,AAR,ORD,1986-11-13,,asx_file,,4
3706,3698,ASX,AAU,ORD,1993-11-25,,asx_file,,4
3707,3699,ASX,ABB,ORD,2020-10-16,,asx_file,,4
3708,3700,ASX,ABE,ORD,2021-12-06,,asx_file,,4
3709,3701,ASX,ABG,ORD,2002-11-14,,asx_file,,4
3710,3702,ASX,ABR,ORD,2017-10-17,,asx_file,,4
3711,3703,ASX,ABV,ORD,2002-05-28,,asx_file,,4
3712,3704,ASX,ABX,ORD,2009-12-24,,asx_file,,4
3713,3705,ASX,ABY,ORD,2020-10-23,,asx_file,,4
3714,3706,ASX,ACE,ORD,2023-01-12,,asx_file,,4
3715,3707,ASX,ACF,ORD,2008-06-27,,asx_file,,4
3716,3708,ASX,ACL,ORD,2021-05-14,,asx_file,,4
3717,3709,ASX,ACM,ORD,2023-07-03,,asx_file,,4
3718,3710,ASX,ACP,ORD,2011-07-06,,asx_file,,4
3719,3711,ASX,ACQ,ORD,2014-05-01,,asx_file,,4
3720,3712,ASX,ACR,ORD,2004-09-29,,asx_file,,4
3721,3713,ASX,ACS,ORD,2005-08-26,,asx_file,,4
3722,3714,ASX,ACU,ORD,2003-12-05,,asx_file,,4
3723,3715,ASX,ACW,ORD,2007-10-16,,asx_file,,4
3724,3716,ASX,AD1,ORD,2016-06-23,,asx_file,,4
3725,3717,ASX,AD8,ORD,2017-06-30,,asx_file,,4
3726,3718,ASX,ADC,ORD,2023-01-17,,asx_file,,4
3727,3719,ASX,ADD,ORD,1992-02-06,,asx_file,,4
3728,3720,ASX,ADH,ORD,2015-06-17,,asx_file,,4
3729,3721,ASX,ADN,ORD,1996-09-17,,asx_file,,4
3730,3722,ASX,ADO,ORD,2000-04-07,,asx_file,,4
3731,3723,ASX,ADR,ORD,2015-08-26,,asx_file,,4
3732,3724,ASX,ADS,ORD,1987-12-17,,asx_file,,4
3733,3725,ASX,ADX,ORD,1987-01-29,,asx_file,,4
3734,3726,ASX,ADY,ORD,1983-12-01,,asx_file,,4
3735,3727,ASX,AEE,ORD,2006-05-30,,asx_file,,4
3736,3728,ASX,AEF,ORD,2002-12-17,,asx_file,,4
3737,3729,ASX,AEG,ORD,2022-05-03,,asx_file,,4
3738,3730,ASX,AEI,ORD,2000-09-12,,asx_file,,4
3739,3731,ASX,AEL,ORD,2002-03-13,,asx_file,,4
3740,3732,ASX,AEM,ORD,2025-12-24,,asx_file,,4
3741,3733,ASX,AER,ORD,2015-04-01,,asx_file,,4
3742,3734,ASX,AEU,ORD,2004-11-22,,asx_file,,4
3743,3735,ASX,AEV,ORD,2006-10-10,,asx_file,,4
3744,3736,ASX,AFA,ORD,1985-05-29,,asx_file,,4
3745,3737,ASX,AFG,ORD,2015-05-22,,asx_file,,4
3746,3738,ASX,AFI,ORD,1962-06-30,,asx_file,,4
3747,3739,ASX,AFL,ORD,2003-09-19,,asx_file,,4
3748,3740,ASX,AFP,ORD,2015-12-22,,asx_file,,4
3749,3741,ASX,AGC,ORD,2021-01-20,,asx_file,,4
3750,3742,ASX,AGD,ORD,1997-04-18,,asx_file,,4
3751,3743,ASX,AGE,ORD,2011-02-03,,asx_file,,4
3752,3744,ASX,AGI,ORD,2001-12-17,,asx_file,,4
3753,3745,ASX,AGL,ORD,2006-10-12,,asx_file,,4
3754,3746,ASX,AGN,ORD,2021-06-11,,asx_file,,4
3755,3747,ASX,AGR,ORD,2008-02-13,,asx_file,,4
3756,3748,ASX,AGY,ORD,1997-04-03,,asx_file,,4
3757,3749,ASX,AHC,ORD,2004-09-24,,asx_file,,4
3758,3750,ASX,AHE,ORD,2011-05-26,,asx_file,,4
3759,3751,ASX,AHF,ORD,2006-06-30,,asx_file,,4
3760,3752,ASX,AHK,ORD,2011-05-09,,asx_file,,4
3761,3753,ASX,AHL,ORD,2022-09-30,,asx_file,,4
3762,3754,ASX,AHN,ORD,2006-11-22,,asx_file,,4
3763,3755,ASX,AI1,ORD,2020-11-10,,asx_file,,4
3764,3756,ASX,AIA,ORD,1999-02-22,,asx_file,,4
3765,3757,ASX,AIH,ORD,2025-10-31,,asx_file,,4
3766,3758,ASX,AII,ORD,2021-08-02,,asx_file,,4
3767,3759,ASX,AIM,ORD,2020-09-15,,asx_file,,4
3768,3760,ASX,AIQ,ORD,2005-05-08,,asx_file,,4
3769,3761,ASX,AIS,ORD,2011-02-02,,asx_file,,4
3770,3762,ASX,AIV,ORD,2006-04-11,,asx_file,,4
3771,3763,ASX,AIX,ORD,2026-07-02,,asx_file,,4
3772,3764,ASX,AIZ,ORD,1997-10-01,,asx_file,,4
3773,3765,ASX,AJL,ORD,1999-08-10,,asx_file,,4
3774,3766,ASX,AJX,ORD,1999-12-22,,asx_file,,4
3775,3767,ASX,AKA,ORD,2011-03-31,,asx_file,,4
3776,3768,ASX,AKG,ORD,1977-06-01,,asx_file,,4
3777,3769,ASX,AKM,ORD,2007-02-06,,asx_file,,4
3778,3770,ASX,AKN,ORD,2007-10-29,,asx_file,,4
3779,3771,ASX,AKO,ORD,2020-12-15,,asx_file,,4
3780,3772,ASX,AL3,ORD,2020-04-20,,asx_file,,4
3781,3773,ASX,ALA,ORD,2002-01-24,,asx_file,,4
3782,3774,ASX,ALB,ORD,2021-04-30,,asx_file,,4
3783,3775,ASX,ALC,ORD,2011-06-24,,asx_file,,4
3784,3776,ASX,ALD,ORD,1980-12-31,,asx_file,,4
3785,3777,ASX,ALI,ORD,2015-07-03,,asx_file,,4
3786,3778,ASX,ALK,ORD,1980-10-07,,asx_file,,4
3787,3779,ASX,ALL,ORD,1996-07-09,,asx_file,,4
3788,3780,ASX,ALM,ORD,2007-04-18,,asx_file,,4
3789,3781,ASX,ALQ,ORD,1952-07-18,,asx_file,,4
3790,3782,ASX,ALR,ORD,2012-02-01,,asx_file,,4
3791,3783,ASX,ALU,ORD,2026-07-31,,asx_file,,4
3792,3784,ASX,ALV,ORD,2021-10-20,,asx_file,,4
3793,3785,ASX,ALX,ORD,2010-01-25,,asx_file,,4
3794,3786,ASX,ALY,ORD,2007-11-26,,asx_file,,4
3795,3787,ASX,AM3,ORD,2007-03-21,,asx_file,,4
3796,3788,ASX,AM5,ORD,2021-10-18,,asx_file,,4
3797,3789,ASX,AM7,ORD,2021-06-25,,asx_file,,4
3798,3790,ASX,AMA,ORD,2006-08-31,,asx_file,,4
3799,3791,ASX,AMC,ORD,1969-08-28,,asx_file,,4
3800,3792,ASX,AMD,ORD,2005-10-28,,asx_file,,4
3801,3793,ASX,AMH,ORD,2000-02-10,,asx_file,,4
3802,3794,ASX,AMI,ORD,2007-05-08,,asx_file,,4
3803,3795,ASX,AMN,ORD,2007-10-09,,asx_file,,4
3804,3796,ASX,AMO,ORD,2004-12-10,,asx_file,,4
3805,3797,ASX,AMP,ORD,1998-06-15,,asx_file,,4
3806,3798,ASX,AMS,ORD,2018-12-28,,asx_file,,4
3807,3799,ASX,AMU,ORD,2007-08-10,,asx_file,,4
3808,3800,ASX,AMX,ORD,2019-12-10,,asx_file,,4
3809,3801,ASX,AN1,ORD,2005-12-09,,asx_file,,4
3810,3802,ASX,ANG,ORD,2004-03-09,,asx_file,,4
3811,3803,ASX,ANN,ORD,1985-08-22,,asx_file,,4
3812,3804,ASX,ANO,ORD,2005-02-24,,asx_file,,4
3813,3805,ASX,ANR,ORD,2014-10-16,,asx_file,,4
3814,3806,ASX,ANX,ORD,2004-06-15,,asx_file,,4
3815,3807,ASX,ANZ,ORD,1969-09-30,,asx_file,,4
3816,3808,ASX,AOA,ORD,2009-03-31,,asx_file,,4
3817,3809,ASX,AOK,ORD,2005-10-11,,asx_file,,4
3818,3810,ASX,AON,ORD,2007-10-31,,asx_file,,4
3819,3811,ASX,AOV,ORD,1962-06-30,,asx_file,,4
3820,3812,ASX,APA,ORD,2000-06-13,,asx_file,,4
3821,3813,ASX,APC,ORD,2011-12-20,,asx_file,,4
3822,3814,ASX,APE,ORD,1957-04-17,,asx_file,,4
3823,3815,ASX,APL,ORD,2004-09-30,,asx_file,,4
3824,3816,ASX,APW,ORD,2004-12-17,,asx_file,,4
3825,3817,ASX,APX,ORD,2015-01-07,,asx_file,,4
3826,3818,ASX,APZ,ORD,1991-04-11,,asx_file,,4
3827,3819,ASX,AQC,ORD,1999-12-17,,asx_file,,4
3828,3820,ASX,AQD,ORD,2003-11-25,,asx_file,,4
3829,3821,ASX,AQN,ORD,2021-07-27,,asx_file,,4
3830,3822,ASX,AQX,ORD,2004-09-09,,asx_file,,4
3831,3823,ASX,AQZ,ORD,2011-12-20,,asx_file,,4
3832,3824,ASX,AR1,ORD,2021-11-03,,asx_file,,4
3833,3825,ASX,AR3,ORD,2021-07-01,,asx_file,,4
3834,3826,ASX,AR9,ORD,2018-09-21,,asx_file,,4
3835,3827,ASX,ARA,ORD,1982-10-12,,asx_file,,4
3836,3828,ASX,ARB,ORD,1987-06-26,,asx_file,,4
3837,3829,ASX,ARC,ORD,2000-04-14,,asx_file,,4
3838,3830,ASX,ARD,ORD,2008-04-03,,asx_file,,4
3839,3831,ASX,ARF,ORD,2013-06-13,,asx_file,,4
3840,3832,ASX,ARG,ORD,1963-03-31,,asx_file,,4
3841,3833,ASX,ARI,ORD,2005-12-21,,asx_file,,4
3842,3834,ASX,ARL,ORD,2017-02-09,,asx_file,,4
3843,3835,ASX,ARN,ORD,2018-09-13,,asx_file,,4
3844,3836,ASX,ARO,ORD,1987-08-20,,asx_file,,4
3845,3837,ASX,ARR,ORD,2011-02-17,,asx_file,,4
3846,3838,ASX,ART,ORD,2021-03-23,,asx_file,,4
3847,3839,ASX,ARU,ORD,2003-11-05,,asx_file,,4
3848,3840,ASX,ARV,ORD,2007-03-16,,asx_file,,4
3849,3841,ASX,ARX,ORD,2020-07-24,,asx_file,,4
3850,3842,ASX,AS1,ORD,1987-08-13,,asx_file,,4
3851,3843,ASX,AS2,ORD,2021-07-07,,asx_file,,4
3852,3844,ASX,ASB,ORD,1998-12-08,,asx_file,,4
3853,3845,ASX,ASG,ORD,2016-11-16,,asx_file,,4
3854,3846,ASX,ASH,ORD,2014-08-21,,asx_file,,4
3855,3847,ASX,ASL,ORD,2021-09-30,,asx_file,,4
3856,3848,ASX,ASM,ORD,2020-07-30,,asx_file,,4
3857,3849,ASX,ASN,ORD,2010-07-08,,asx_file,,4
3858,3850,ASX,ASP,ORD,2000-04-27,,asx_file,,4
3859,3851,ASX,ASQ,ORD,2007-10-22,,asx_file,,4
3860,3852,ASX,ASV,ORD,2013-12-02,,asx_file,,4
3861,3853,ASX,ASX,ORD,1998-10-14,,asx_file,,4
3862,3854,ASX,AT1,ORD,2020-04-16,,asx_file,,4
3863,3855,ASX,AT4,ORD,2019-10-03,,asx_file,,4
3864,3856,ASX,ATA,ORD,2021-12-22,,asx_file,,4
3865,3857,ASX,ATC,ORD,2010-01-27,,asx_file,,4
3866,3858,ASX,ATG,ORD,2016-05-16,,asx_file,,4
3867,3859,ASX,ATH,ORD,2000-03-28,,asx_file,,4
3868,3860,ASX,ATM,ORD,1999-08-09,,asx_file,,4
3869,3861,ASX,ATP,ORD,1993-12-31,,asx_file,,4
3870,3862,ASX,ATR,ORD,1983-11-11,,asx_file,,4
3871,3863,ASX,ATS,ORD,2016-07-25,,asx_file,,4
3872,3864,ASX,ATT,ORD,2021-09-15,,asx_file,,4
3873,3865,ASX,ATV,ORD,2021-10-20,,asx_file,,4
3874,3866,ASX,ATX,ORD,2013-12-23,,asx_file,,4
3875,3867,ASX,AU1,ORD,2007-12-18,,asx_file,,4
3876,3868,ASX,AUA,ORD,2021-05-18,,asx_file,,4
3877,3869,ASX,AUB,ORD,2005-11-16,,asx_file,,4
3878,3870,ASX,AUC,ORD,2009-12-16,,asx_file,,4
3879,3871,ASX,AUE,ORD,2021-11-02,,asx_file,,4
3880,3872,ASX,AUG,ORD,2023-05-25,,asx_file,,4
3881,3873,ASX,AUI,ORD,1974-01-01,,asx_file,,4
3882,3874,ASX,AUQ,ORD,2007-05-24,,asx_file,,4
3883,3874,ASX,AUQN,ORD,2007-05-24,,asx_file,,4
3884,3875,ASX,AUR,ORD,2001-03-15,,asx_file,,4
3885,3876,ASX,AUV,ORD,1990-08-23,,asx_file,,4
3886,3877,ASX,AUZ,ORD,2001-09-28,,asx_file,,4
3887,3878,ASX,AV1,ORD,2012-12-18,,asx_file,,4
3888,3879,ASX,AVA,ORD,2015-05-11,,asx_file,,4
3889,3880,ASX,AVD,ORD,2021-12-17,,asx_file,,4
3890,3881,ASX,AVE,ORD,1993-08-09,,asx_file,,4
3891,3882,ASX,AVG,ORD,1992-03-26,,asx_file,,4
3892,3883,ASX,AVH,ORD,2020-06-24,,asx_file,,4
3893,3884,ASX,AVL,ORD,2007-02-21,,asx_file,,4
3894,3885,ASX,AVM,ORD,2007-12-20,,asx_file,,4
3895,3886,ASX,AVR,ORD,2004-03-24,,asx_file,,4
3896,3887,ASX,AVW,ORD,2013-01-09,,asx_file,,4
3897,3888,ASX,AW1,ORD,2021-12-13,,asx_file,,4
3898,3889,ASX,AWJ,ORD,2021-02-12,,asx_file,,4
3899,3890,ASX,AX1,ORD,2004-07-07,,asx_file,,4
3900,3891,ASX,AX8,ORD,2018-02-14,,asx_file,,4
3901,3892,ASX,AXE,ORD,2007-08-14,,asx_file,,4
3902,3893,ASX,AXI,ORD,1997-01-31,,asx_file,,4
3903,3894,ASX,AXL,ORD,2024-07-23,,asx_file,,4
3904,3895,ASX,AXN,ORD,1980-08-21,,asx_file,,4
3905,3896,ASX,AXP,ORD,2006-07-20,,asx_file,,4
3906,3897,ASX,AXQ,ORD,2026-07-09,,asx_file,,4
3907,3898,ASX,AYA,ORD,2021-11-26,,asx_file,,4
3908,3899,ASX,AYM,ORD,2011-09-19,,asx_file,,4
3909,3900,ASX,AYT,ORD,2011-07-06,,asx_file,,4
3910,3901,ASX,AZ9,ORD,2017-09-29,,asx_file,,4
3911,3902,ASX,AZI,ORD,2009-12-24,,asx_file,,4
3912,3903,ASX,AZJ,ORD,2010-11-22,,asx_file,,4
3913,3904,ASX,AZY,ORD,2011-04-20,,asx_file,,4
3914,3905,ASX,B4P,ORD,2022-01-17,,asx_file,,4
3915,3906,ASX,BAK,ORD,2026-01-30,,asx_file,,4
3916,3907,ASX,BAP,ORD,2014-04-24,,asx_file,,4
3917,3908,ASX,BAS,ORD,2004-09-30,,asx_file,,4
3918,3909,ASX,BB1,ORD,2024-04-04,,asx_file,,4
3919,3910,ASX,BBC,ORD,2012-05-22,,asx_file,,4
3920,3911,ASX,BBL,ORD,1989-05-12,,asx_file,,4
3921,3912,ASX,BBN,ORD,2015-10-14,,asx_file,,4
3922,3913,ASX,BBT,ORD,2021-07-02,,asx_file,,4
3923,3914,ASX,BC8,ORD,2018-01-30,,asx_file,,4
3924,3915,ASX,BCA,ORD,2021-05-05,,asx_file,,4
3925,3916,ASX,BCC,ORD,1986-11-06,,asx_file,,4
3926,3917,ASX,BCI,ORD,2006-12-15,,asx_file,,4
3927,3918,ASX,BCK,ORD,2011-01-11,,asx_file,,4
3928,3919,ASX,BCM,ORD,2005-08-12,,asx_file,,4
3929,3920,ASX,BCN,ORD,2006-10-20,,asx_file,,4
3930,3921,ASX,BDM,ORD,2013-01-04,,asx_file,,4
3931,3922,ASX,BDX,ORD,2021-07-21,,asx_file,,4
3932,3923,ASX,BEL,ORD,1986-11-07,,asx_file,,4
3933,3924,ASX,BEN,ORD,1985-12-19,,asx_file,,4
3934,3925,ASX,BEO,ORD,1999-12-17,,asx_file,,4
3935,3926,ASX,BET,ORD,2015-12-11,,asx_file,,4
3936,3927,ASX,BEZ,ORD,2021-10-08,,asx_file,,4
3937,3928,ASX,BFG,ORD,2007-12-12,,asx_file,,4
3938,3929,ASX,BFL,ORD,2021-05-25,,asx_file,,4
3939,3930,ASX,BGA,ORD,2011-08-19,,asx_file,,4
3940,3931,ASX,BGD,ORD,2021-06-28,,asx_file,,4
3941,3932,ASX,BGE,ORD,2022-10-06,,asx_file,,4
3942,3933,ASX,BGL,ORD,2005-12-20,,asx_file,,4
3943,3934,ASX,BGP,ORD,2017-07-20,,asx_file,,4
3944,3935,ASX,BGT,ORD,2017-11-29,,asx_file,,4
3945,3936,ASX,BHD,ORD,2017-05-12,,asx_file,,4
3946,3937,ASX,BHL,ORD,2025-12-02,,asx_file,,4
3947,3938,ASX,BHM,ORD,2022-07-28,,asx_file,,4
3948,3939,ASX,BHP,ORD,1885-08-13,,asx_file,,4
3949,3940,ASX,BIM,ORD,2022-06-28,,asx_file,,4
3950,3941,ASX,BIO,ORD,2021-11-30,,asx_file,,4
3951,3942,ASX,BIS,ORD,2003-06-23,,asx_file,,4
3952,3943,ASX,BIT,ORD,2001-01-24,,asx_file,,4
3953,3944,ASX,BKB,ORD,2023-09-12,,asx_file,,4
3954,3945,ASX,BKI,ORD,2003-12-12,,asx_file,,4
3955,3946,ASX,BKT,ORD,2003-12-10,,asx_file,,4
3956,3947,ASX,BKY,ORD,2003-09-16,,asx_file,,4
3957,3948,ASX,BLG,ORD,2006-09-22,,asx_file,,4
3958,3949,ASX,BLS,ORD,2000-12-14,,asx_file,,4
3959,3950,ASX,BLU,ORD,1994-10-13,,asx_file,,4
3960,3951,ASX,BLX,ORD,2014-04-15,,asx_file,,4
3961,3952,ASX,BLZ,ORD,1996-09-12,,asx_file,,4
3962,3953,ASX,BM1,ORD,2025-07-14,,asx_file,,4
3963,3954,ASX,BM8,ORD,2020-11-04,,asx_file,,4
3964,3955,ASX,BMC,ORD,2025-12-12,,asx_file,,4
3965,3956,ASX,BMH,ORD,2015-06-19,,asx_file,,4
3966,3957,ASX,BML,ORD,2004-07-15,,asx_file,,4
3967,3958,ASX,BMM,ORD,2021-07-14,,asx_file,,4
3968,3959,ASX,BMN,ORD,2005-04-28,,asx_file,,4
3969,3960,ASX,BMR,ORD,2021-09-03,,asx_file,,4
3970,3961,ASX,BMT,ORD,2019-06-06,,asx_file,,4
3971,3962,ASX,BNL,ORD,1994-11-24,,asx_file,,4
3972,3963,ASX,BNR,ORD,2010-12-20,,asx_file,,4
3973,3964,ASX,BNZ,ORD,2020-12-23,,asx_file,,4
3974,3965,ASX,BOA,ORD,2012-10-11,,asx_file,,4
3975,3966,ASX,BOC,ORD,1970-12-31,,asx_file,,4
3976,3967,ASX,BOE,ORD,2007-07-25,,asx_file,,4
3977,3968,ASX,BOL,ORD,2003-10-14,,asx_file,,4
3978,3969,ASX,BOQ,ORD,1971-08-24,,asx_file,,4
3979,3970,ASX,BOT,ORD,1985-01-24,,asx_file,,4
3980,3971,ASX,BP8,ORD,2000-06-13,,asx_file,,4
3981,3972,ASX,BPG,ORD,2025-11-25,,asx_file,,4
3982,3973,ASX,BPH,ORD,2004-08-06,,asx_file,,4
3983,3974,ASX,BPM,ORD,2020-12-30,,asx_file,,4
3984,3975,ASX,BPP,ORD,1996-12-13,,asx_file,,4
3985,3976,ASX,BPT,ORD,1972-06-30,,asx_file,,4
3986,3977,ASX,BRE,ORD,2023-12-21,,asx_file,,4
3987,3978,ASX,BRG,ORD,1999-05-25,,asx_file,,4
3988,3979,ASX,BRI,ORD,2017-05-01,,asx_file,,4
3989,3980,ASX,BRK,ORD,2005-10-31,,asx_file,,4
3990,3981,ASX,BRL,ORD,2013-06-21,,asx_file,,4
3991,3982,ASX,BRN,ORD,2011-11-09,,asx_file,,4
3992,3983,ASX,BRU,ORD,2008-09-01,,asx_file,,4
3993,3984,ASX,BRY,ORD,2011-07-01,,asx_file,,4
3994,3985,ASX,BSA,ORD,1999-11-15,,asx_file,,4
3995,3986,ASX,BSL,ORD,2002-07-15,,asx_file,,4
3996,3987,ASX,BSN,ORD,2022-10-04,,asx_file,,4
3997,3988,ASX,BSR,ORD,2026-04-16,,asx_file,,4
3998,3989,ASX,BST,ORD,2026-06-10,,asx_file,,4
3999,3990,ASX,BSX,ORD,2017-01-23,,asx_file,,4
4000,3991,ASX,BTC,ORD,2000-08-29,,asx_file,,4
4001,3992,ASX,BTE,ORD,2022-07-14,,asx_file,,4
4002,3993,ASX,BTI,ORD,2014-11-21,,asx_file,,4
4003,3994,ASX,BTL,ORD,1984-08-30,,asx_file,,4
4004,3995,ASX,BTM,ORD,2007-07-04,,asx_file,,4
4005,3996,ASX,BTN,ORD,2021-07-06,,asx_file,,4
4006,3997,ASX,BTR,ORD,2003-12-05,,asx_file,,4
4007,3998,ASX,BUB,ORD,1993-10-05,,asx_file,,4
4008,3999,ASX,BUR,ORD,2021-07-07,,asx_file,,4
4009,4000,ASX,BUS,ORD,2022-10-13,,asx_file,,4
4010,4001,ASX,BUX,ORD,2007-10-23,,asx_file,,4
4011,4002,ASX,BUY,ORD,2002-02-05,,asx_file,,4
4012,4003,ASX,BVR,ORD,2022-05-25,,asx_file,,4
4013,4004,ASX,BVS,ORD,2016-11-16,,asx_file,,4
4014,4005,ASX,BWF,ORD,2011-10-21,,asx_file,,4
4015,4006,ASX,BWN,ORD,2024-07-30,,asx_file,,4
4016,4007,ASX,BWP,ORD,1998-09-16,,asx_file,,4
4017,4008,ASX,BXB,ORD,2006-11-27,,asx_file,,4
4018,4009,ASX,C1X,ORD,2021-12-01,,asx_file,,4
4019,4010,ASX,C29,ORD,2021-11-03,,asx_file,,4
4020,4011,ASX,C79,ORD,2022-05-06,,asx_file,,4
4021,4012,ASX,C7A,ORD,2010-10-21,,asx_file,,4
4022,4013,ASX,CAA,ORD,1986-11-20,,asx_file,,4
4023,4014,ASX,CAE,ORD,2005-05-20,,asx_file,,4
4024,4015,ASX,CAF,ORD,2002-06-25,,asx_file,,4
4025,4016,ASX,CAM,ORD,2004-02-03,,asx_file,,4
4026,4017,ASX,CAN,ORD,2017-05-04,,asx_file,,4
4027,4018,ASX,CAQ,ORD,2005-07-25,,asx_file,,4
4028,4019,ASX,CAR,ORD,2009-09-10,,asx_file,,4
4029,4020,ASX,CAT,ORD,2014-12-19,,asx_file,,4
4030,4021,ASX,CAV,ORD,2007-03-15,,asx_file,,4
4031,4022,ASX,CAY,ORD,2010-06-15,,asx_file,,4
4032,4023,ASX,CAZ,ORD,2003-10-31,,asx_file,,4
4033,4024,ASX,CBA,ORD,1991-09-12,,asx_file,,4
4034,4025,ASX,CBE,ORD,2020-01-31,,asx_file,,4
4035,4026,ASX,CBL,ORD,2020-12-07,,asx_file,,4
4036,4027,ASX,CBO,ORD,2021-08-11,,asx_file,,4
4037,4028,ASX,CBY,ORD,2019-03-07,,asx_file,,4
4038,4029,ASX,CC5,ORD,2006-07-31,,asx_file,,4
4039,4030,ASX,CC9,ORD,2023-10-27,,asx_file,,4
4040,4031,ASX,CCA,ORD,2016-06-30,,asx_file,,4
4041,4032,ASX,CCE,ORD,1993-10-26,,asx_file,,4
4042,4033,ASX,CCG,ORD,2017-12-21,,asx_file,,4
4043,4034,ASX,CCL,ORD,2024-11-25,,asx_file,,4
4044,4035,ASX,CCM,ORD,1994-01-20,,asx_file,,4
4045,4036,ASX,CCO,ORD,2018-12-20,,asx_file,,4
4046,4037,ASX,CCP,ORD,2000-09-04,,asx_file,,4
4047,4038,ASX,CCR,ORD,2020-10-27,,asx_file,,4
4048,4039,ASX,CCV,ORD,1997-02-07,,asx_file,,4
4049,4040,ASX,CCX,ORD,1998-05-28,,asx_file,,4
4050,4041,ASX,CD1,ORD,2012-08-14,,asx_file,,4
4051,4042,ASX,CD2,ORD,2013-04-09,,asx_file,,4
4052,4043,ASX,CD3,ORD,2016-07-27,,asx_file,,4
4053,4044,ASX,CDA,ORD,2003-11-27,,asx_file,,4
4054,4045,ASX,CDE,ORD,2005-03-07,,asx_file,,4
4055,4046,ASX,CDM,ORD,2006-12-05,,asx_file,,4
4056,4047,ASX,CDO,ORD,2021-11-19,,asx_file,,4
4057,4048,ASX,CDP,ORD,1996-11-28,,asx_file,,4
4058,4049,ASX,CDR,ORD,2021-06-23,,asx_file,,4
4059,4050,ASX,CDT,ORD,2006-05-02,,asx_file,,4
4060,4051,ASX,CEH,ORD,2018-11-30,,asx_file,,4
4061,4052,ASX,CEL,ORD,2007-11-07,,asx_file,,4
4062,4053,ASX,CEN,ORD,2015-09-24,,asx_file,,4
4063,4054,ASX,CF1,ORD,2001-12-18,,asx_file,,4
4064,4055,ASX,CG1,ORD,2018-01-23,,asx_file,,4
4065,4056,ASX,CGF,ORD,2003-12-23,,asx_file,,4
4066,4057,ASX,CGO,ORD,2000-09-08,,asx_file,,4
4067,4058,ASX,CGR,ORD,2023-10-18,,asx_file,,4
4068,4059,ASX,CGS,ORD,2004-02-13,,asx_file,,4
4069,4060,ASX,CHC,ORD,2005-06-10,,asx_file,,4
4070,4061,ASX,CHI,ORD,2025-12-19,,asx_file,,4
4071,4062,ASX,CHL,ORD,2021-06-28,,asx_file,,4
4072,4063,ASX,CHM,ORD,2021-01-18,,asx_file,,4
4073,4064,ASX,CHN,ORD,2006-03-24,,asx_file,,4
4074,4065,ASX,CHR,ORD,2021-07-09,,asx_file,,4
4075,4065,ASX,CHRCB,ORD,2021-07-09,,asx_file,,4
4076,4066,ASX,CHW,ORD,2023-07-05,,asx_file,,4
4077,4067,ASX,CIA,ORD,2007-06-08,,asx_file,,4
4078,4068,ASX,CIN,ORD,1970-06-30,,asx_file,,4
4079,4069,ASX,CIP,ORD,2012-12-13,,asx_file,,4
4080,4070,ASX,CIW,ORD,2000-12-15,,asx_file,,4
4081,4071,ASX,CKA,ORD,2000-04-17,,asx_file,,4
4082,4072,ASX,CKF,ORD,2011-08-04,,asx_file,,4
4083,4073,ASX,CL8,ORD,1996-09-09,,asx_file,,4
4084,4074,ASX,CLA,ORD,1988-03-24,,asx_file,,4
4085,4075,ASX,CLG,ORD,2021-12-02,,asx_file,,4
4086,4076,ASX,CLU,ORD,2020-12-09,,asx_file,,4
4087,4077,ASX,CLV,ORD,1999-11-30,,asx_file,,4
4088,4078,ASX,CLW,ORD,2016-11-08,,asx_file,,4
4089,4079,ASX,CLX,ORD,1987-12-02,,asx_file,,4
4090,4080,ASX,CLZ,ORD,2013-05-24,,asx_file,,4
4091,4081,ASX,CMA,ORD,2025-11-05,,asx_file,,4
4092,4082,ASX,CMB,ORD,2013-09-19,,asx_file,,4
4093,4083,ASX,CMD,ORD,2006-08-10,,asx_file,,4
4094,4084,ASX,CMG,ORD,2022-09-27,,asx_file,,4
4095,4085,ASX,CML,ORD,1984-08-16,,asx_file,,4
4096,4086,ASX,CMM,ORD,2008-07-07,,asx_file,,4
4097,4087,ASX,CMO,ORD,2022-01-31,,asx_file,,4
4098,4088,ASX,CMP,ORD,2000-12-21,,asx_file,,4
4099,4089,ASX,CMW,ORD,1973-02-22,,asx_file,,4
4100,4090,ASX,CMX,ORD,2022-01-18,,asx_file,,4
4101,4091,ASX,CNB,ORD,2016-08-30,,asx_file,,4
4102,4092,ASX,CND,ORD,2005-05-25,,asx_file,,4
4103,4093,ASX,CNI,ORD,2002-03-26,,asx_file,,4
4104,4094,ASX,CNJ,ORD,2007-06-18,,asx_file,,4
4105,4095,ASX,CNQ,ORD,2021-07-02,,asx_file,,4
4106,4096,ASX,CNU,ORD,2011-11-21,,asx_file,,4
4107,4097,ASX,COB,ORD,2017-02-02,,asx_file,,4
4108,4098,ASX,COD,ORD,2020-10-28,,asx_file,,4
4109,4099,ASX,COF,ORD,2014-12-10,,asx_file,,4
4110,4100,ASX,COG,ORD,2003-01-28,,asx_file,,4
4111,4101,ASX,COH,ORD,1995-12-04,,asx_file,,4
4112,4102,ASX,COI,ORD,2004-04-16,,asx_file,,4
4113,4103,ASX,COL,ORD,2018-11-21,,asx_file,,4
4114,4104,ASX,COS,ORD,2020-01-24,,asx_file,,4
4115,4105,ASX,COV,ORD,2023-08-22,,asx_file,,4
4116,4106,ASX,COY,ORD,2008-01-31,,asx_file,,4
4117,4107,ASX,CP8,ORD,2013-09-02,,asx_file,,4
4118,4108,ASX,CPM,ORD,2021-11-19,,asx_file,,4
4119,4109,ASX,CPN,ORD,2020-11-25,,asx_file,,4
4120,4110,ASX,CPO,ORD,2021-09-10,,asx_file,,4
4121,4111,ASX,CPU,ORD,1994-05-27,,asx_file,,4
4122,4112,ASX,CPV,ORD,2018-05-25,,asx_file,,4
4123,4113,ASX,CQE,ORD,2003-05-22,,asx_file,,4
4124,4114,ASX,CQR,ORD,1995-11-15,,asx_file,,4
4125,4115,ASX,CQT,ORD,2005-11-09,,asx_file,,4
4126,4116,ASX,CR1,ORD,2018-07-30,,asx_file,,4
4127,4117,ASX,CR3,ORD,1998-12-17,,asx_file,,4
4128,4118,ASX,CRB,ORD,2007-03-16,,asx_file,,4
4129,4119,ASX,CRD,ORD,2022-10-27,,asx_file,,4
4130,4120,ASX,CRI,ORD,2006-09-22,,asx_file,,4
4131,4121,ASX,CRN,ORD,2018-10-23,,asx_file,,4
4132,4122,ASX,CRR,ORD,2010-12-03,,asx_file,,4
4133,4123,ASX,CRS,ORD,2018-12-05,,asx_file,,4
4134,4124,ASX,CSC,ORD,2024-02-02,,asx_file,,4
4135,4125,ASX,CSL,ORD,1994-06-08,,asx_file,,4
4136,4126,ASX,CST,ORD,2020-02-14,,asx_file,,4
4137,4127,ASX,CSX,ORD,2020-10-23,,asx_file,,4
4138,4128,ASX,CT1,ORD,1987-10-08,,asx_file,,4
4139,4129,ASX,CTD,ORD,2010-12-15,,asx_file,,4
4140,4130,ASX,CTE,ORD,2002-05-09,,asx_file,,4
4141,4131,ASX,CTM,ORD,1989-01-12,,asx_file,,4
4142,4132,ASX,CTN,ORD,2010-02-18,,asx_file,,4
4143,4133,ASX,CTO,ORD,1993-12-23,,asx_file,,4
4144,4134,ASX,CTP,ORD,2006-03-07,,asx_file,,4
4145,4135,ASX,CTQ,ORD,2022-01-10,,asx_file,,4
4146,4136,ASX,CTS,ORD,2026-07-23,,asx_file,,4
4147,4137,ASX,CTT,ORD,2020-12-18,,asx_file,,4
4148,4138,ASX,CU6,ORD,2021-08-25,,asx_file,,4
4149,4139,ASX,CUE,ORD,1995-12-11,,asx_file,,4
4150,4140,ASX,CUF,ORD,2005-10-13,,asx_file,,4
4151,4141,ASX,CUL,ORD,1988-11-23,,asx_file,,4
4152,4142,ASX,CUP,ORD,2010-12-22,,asx_file,,4
4153,4143,ASX,CUV,ORD,2001-02-13,,asx_file,,4
4154,4144,ASX,CVB,ORD,2023-08-23,,asx_file,,4
4155,4145,ASX,CVC,ORD,1985-06-27,,asx_file,,4
4156,4146,ASX,CVL,ORD,2018-06-22,,asx_file,,4
4157,4147,ASX,CVN,ORD,1984-08-16,,asx_file,,4
4158,4148,ASX,CVR,ORD,2022-06-17,,asx_file,,4
4159,4149,ASX,CVV,ORD,2006-11-03,,asx_file,,4
4160,4150,ASX,CVW,ORD,2003-12-11,,asx_file,,4
4161,4151,ASX,CWP,ORD,1994-08-31,,asx_file,,4
4162,4152,ASX,CWY,ORD,2005-05-03,,asx_file,,4
4163,4153,ASX,CXL,ORD,2018-07-20,,asx_file,,4
4164,4154,ASX,CXO,ORD,2011-02-11,,asx_file,,4
4165,4155,ASX,CXU,ORD,2005-01-28,,asx_file,,4
4166,4156,ASX,CXZ,ORD,1974-01-01,,asx_file,,4
4167,4157,ASX,CY5,ORD,2018-01-15,,asx_file,,4
4168,4158,ASX,CYB,ORD,2020-12-14,,asx_file,,4
4169,4159,ASX,CYC,ORD,2007-01-18,,asx_file,,4
4170,4160,ASX,CYG,ORD,1966-01-27,,asx_file,,4
4171,4161,ASX,CYL,ORD,2006-07-26,,asx_file,,4
4172,4162,ASX,CYM,ORD,1985-04-26,,asx_file,,4
4173,4163,ASX,CYP,ORD,2007-12-20,,asx_file,,4
4174,4164,ASX,CYQ,ORD,2007-11-21,,asx_file,,4
4175,4165,ASX,CYV,ORD,1991-04-18,,asx_file,,4
4176,4166,ASX,CZN,ORD,2005-06-30,,asx_file,,4
4177,4167,ASX,CZR,ORD,2006-08-29,,asx_file,,4
4178,4168,ASX,D3E,ORD,2024-05-13,,asx_file,,4
4179,4169,ASX,DAF,ORD,2011-09-22,,asx_file,,4
4180,4170,ASX,DAI,ORD,2020-12-14,,asx_file,,4
4181,4171,ASX,DAL,ORD,2021-09-28,,asx_file,,4
4182,4172,ASX,DBF,ORD,2018-02-08,,asx_file,,4
4183,4173,ASX,DBI,ORD,2020-12-08,,asx_file,,4
4184,4174,ASX,DBO,ORD,2021-10-12,,asx_file,,4
4185,4175,ASX,DCC,ORD,1989-02-06,,asx_file,,4
4186,4176,ASX,DDR,ORD,2011-01-24,,asx_file,,4
4187,4177,ASX,DDT,ORD,2005-01-12,,asx_file,,4
4188,4178,ASX,DEL,ORD,2021-04-12,,asx_file,,4
4189,4179,ASX,DEM,ORD,2017-04-07,,asx_file,,4
4190,4180,ASX,DES,ORD,2022-12-16,,asx_file,,4
4191,4181,ASX,DEV,ORD,2000-10-03,,asx_file,,4
4192,4182,ASX,DGH,ORD,1987-09-04,,asx_file,,4
4193,4183,ASX,DGL,ORD,2021-05-24,,asx_file,,4
4194,4184,ASX,DGR,ORD,2003-08-21,,asx_file,,4
4195,4185,ASX,DGT,ORD,2024-12-13,,asx_file,,4
4196,4186,ASX,DJW,ORD,1995-06-28,,asx_file,,4
4197,4187,ASX,DKM,ORD,2014-08-04,,asx_file,,4
4198,4188,ASX,DLI,ORD,2017-11-03,,asx_file,,4
4199,4189,ASX,DLY,ORD,2026-06-23,,asx_file,,4
4200,4190,ASX,DM1,ORD,2020-12-18,,asx_file,,4
4201,4191,ASX,DME,ORD,2013-10-22,,asx_file,,4
4202,4192,ASX,DMP,ORD,2005-05-16,,asx_file,,4
4203,4193,ASX,DN1,ORD,2025-03-04,,asx_file,,4
4204,4194,ASX,DNL,ORD,2003-07-28,,asx_file,,4
4205,4195,ASX,DOC,ORD,2020-12-04,,asx_file,,4
4206,4196,ASX,DOW,ORD,1990-12-20,,asx_file,,4
4207,4197,ASX,DPM,ORD,2025-09-18,,asx_file,,4
4208,4198,ASX,DRE,ORD,2006-10-31,,asx_file,,4
4209,4199,ASX,DRO,ORD,2016-06-22,,asx_file,,4
4210,4200,ASX,DRR,ORD,2020-10-23,,asx_file,,4
4211,4201,ASX,DRX,ORD,2005-06-22,,asx_file,,4
4212,4202,ASX,DSK,ORD,2020-11-02,,asx_file,,4
4213,4203,ASX,DSM,ORD,2025-10-21,,asx_file,,4
4214,4204,ASX,DTL,ORD,1997-12-23,,asx_file,,4
4215,4205,ASX,DTM,ORD,2007-05-10,,asx_file,,4
4216,4206,ASX,DTR,ORD,2011-06-23,,asx_file,,4
4217,4207,ASX,DTZ,ORD,2007-12-13,,asx_file,,4
4218,4208,ASX,DUB,ORD,2000-06-30,,asx_file,,4
4219,4209,ASX,DUG,ORD,2020-08-12,,asx_file,,4
4220,4210,ASX,DUN,ORD,2021-11-10,,asx_file,,4
4221,4211,ASX,DUR,ORD,2020-11-04,,asx_file,,4
4222,4212,ASX,DVL,ORD,2013-12-11,,asx_file,,4
4223,4213,ASX,DVP,ORD,2007-04-27,,asx_file,,4
4224,4214,ASX,DWG,ORD,2017-11-15,,asx_file,,4
4225,4215,ASX,DXB,ORD,1993-02-04,,asx_file,,4
4226,4216,ASX,DXC,ORD,2017-07-27,,asx_file,,4
4227,4217,ASX,DXI,ORD,2013-12-03,,asx_file,,4
4228,4218,ASX,DXN,ORD,2018-04-11,,asx_file,,4
4229,4219,ASX,DXS,ORD,2004-10-06,,asx_file,,4
4230,4220,ASX,DYL,ORD,1985-12-19,,asx_file,,4
4231,4221,ASX,DYM,ORD,2023-01-16,,asx_file,,4
4232,4222,ASX,E25,ORD,2006-11-09,,asx_file,,4
4233,4223,ASX,E79,ORD,2021-10-07,,asx_file,,4
4234,4224,ASX,EAX,ORD,2011-10-13,,asx_file,,4
4235,4225,ASX,EBO,ORD,2013-12-06,,asx_file,,4
4236,4226,ASX,EBR,ORD,2021-11-24,,asx_file,,4
4237,4227,ASX,ECH,ORD,2020-09-25,,asx_file,,4
4238,4228,ASX,ECL,ORD,1993-04-22,,asx_file,,4
4239,4229,ASX,ECP,ORD,2014-08-14,,asx_file,,4
4240,4230,ASX,ECS,ORD,1986-03-13,,asx_file,,4
4241,4231,ASX,ECT,ORD,1986-02-05,,asx_file,,4
4242,4232,ASX,EDE,ORD,2006-06-06,,asx_file,,4
4243,4233,ASX,EDU,ORD,2004-06-25,,asx_file,,4
4244,4234,ASX,EDV,ORD,2021-06-24,,asx_file,,4
4245,4235,ASX,EE1,ORD,2011-09-16,,asx_file,,4
4246,4236,ASX,EFE,ORD,2008-05-16,,asx_file,,4
4247,4237,ASX,EFR,ORD,2007-07-31,,asx_file,,4
4248,4238,ASX,EG1,ORD,2023-04-11,,asx_file,,4
4249,4239,ASX,EGA,ORD,2026-02-26,,asx_file,,4
4250,4240,ASX,EGG,ORD,2004-04-30,,asx_file,,4
4251,4241,ASX,EGH,ORD,2004-07-01,,asx_file,,4
4252,4242,ASX,EGL,ORD,1981-02-12,,asx_file,,4
4253,4243,ASX,EGR,ORD,2010-10-29,,asx_file,,4
4254,4244,ASX,EGY,ORD,1992-10-22,,asx_file,,4
4255,4245,ASX,EHL,ORD,2006-07-28,,asx_file,,4
4256,4246,ASX,EIQ,ORD,2010-12-17,,asx_file,,4
4257,4247,ASX,EL8,ORD,1985-10-23,,asx_file,,4
4258,4248,ASX,ELD,ORD,1981-06-30,,asx_file,,4
4259,4249,ASX,ELS,ORD,2017-06-08,,asx_file,,4
4260,4250,ASX,ELT,ORD,2009-12-23,,asx_file,,4
4261,4251,ASX,ELV,ORD,2004-03-30,,asx_file,,4
4262,4252,ASX,EM2,ORD,2018-03-16,,asx_file,,4
4263,4253,ASX,EM3,ORD,2018-08-29,,asx_file,,4
4264,4254,ASX,EMA,ORD,2021-10-13,,asx_file,,4
4265,4255,ASX,EMB,ORD,1974-01-01,,asx_file,,4
4266,4256,ASX,EMC,ORD,2006-10-18,,asx_file,,4
4267,4257,ASX,EMD,ORD,2020-02-12,,asx_file,,4
4268,4258,ASX,EME,ORD,2005-09-09,,asx_file,,4
4269,4259,ASX,EMH,ORD,2012-07-19,,asx_file,,4
4270,4260,ASX,EML,ORD,2006-01-18,,asx_file,,4
4271,4261,ASX,EMN,ORD,2018-10-02,,asx_file,,4
4272,4262,ASX,EMP,ORD,1987-06-05,,asx_file,,4
4273,4263,ASX,EMR,ORD,1994-07-22,,asx_file,,4
4274,4264,ASX,EMT,ORD,2010-10-26,,asx_file,,4
4275,4265,ASX,EMU,ORD,2008-02-27,,asx_file,,4
4276,4265,ASX,EMUCA,ORD,2008-02-27,,asx_file,,4
4277,4266,ASX,EMV,ORD,2018-12-13,,asx_file,,4
4278,4267,ASX,ENL,ORD,2023-12-19,,asx_file,,4
4279,4268,ASX,ENP,ORD,2018-12-18,,asx_file,,4
4280,4269,ASX,ENR,ORD,2006-03-24,,asx_file,,4
4281,4270,ASX,ENT,ORD,2007-06-20,,asx_file,,4
4282,4271,ASX,ENV,ORD,2007-04-13,,asx_file,,4
4283,4272,ASX,EOL,ORD,2007-01-15,,asx_file,,4
4284,4273,ASX,EOS,ORD,2000-10-23,,asx_file,,4
4285,4274,ASX,EPI,ORD,2025-12-01,,asx_file,,4
4286,4275,ASX,EPM,ORD,2011-02-17,,asx_file,,4
4287,4276,ASX,EPN,ORD,2017-05-04,,asx_file,,4
4288,4277,ASX,EPX,ORD,2021-05-12,,asx_file,,4
4289,4278,ASX,EPY,ORD,2010-02-23,,asx_file,,4
4290,4279,ASX,EQR,ORD,2006-06-06,,asx_file,,4
4291,4280,ASX,EQT,ORD,1985-08-06,,asx_file,,4
4292,4281,ASX,EQU,ORD,2025-12-18,,asx_file,,4
4293,4282,ASX,EQX,ORD,1987-05-14,,asx_file,,4
4294,4283,ASX,ERA,ORD,1980-11-19,,asx_file,,4
4295,4284,ASX,ERD,ORD,2020-09-18,,asx_file,,4
4296,4285,ASX,ERE,ORD,2020-12-04,,asx_file,,4
4297,4286,ASX,ERG,ORD,2006-03-29,,asx_file,,4
4298,4287,ASX,ERL,ORD,2007-02-01,,asx_file,,4
4299,4288,ASX,ESK,ORD,2012-09-07,,asx_file,,4
4300,4289,ASX,ESR,ORD,2012-05-09,,asx_file,,4
4301,4290,ASX,ETM,ORD,2006-06-20,,asx_file,,4
4302,4291,ASX,EUR,ORD,2010-12-02,,asx_file,,4
4303,4292,ASX,EV1,ORD,2021-11-16,,asx_file,,4
4304,4293,ASX,EV8,ORD,2025-09-23,,asx_file,,4
4305,4294,ASX,EVE,ORD,2004-04-08,,asx_file,,4
4306,4295,ASX,EVG,ORD,2018-01-19,,asx_file,,4
4307,4296,ASX,EVN,ORD,2002-08-20,,asx_file,,4
4308,4297,ASX,EVO,ORD,2014-12-05,,asx_file,,4
4309,4298,ASX,EVR,ORD,1994-12-07,,asx_file,,4
4310,4299,ASX,EVT,ORD,1962-06-30,,asx_file,,4
4311,4300,ASX,EVZ,ORD,1985-04-26,,asx_file,,4
4312,4301,ASX,EWC,ORD,1988-12-08,,asx_file,,4
4313,4302,ASX,EXL,ORD,2018-01-08,,asx_file,,4
4314,4303,ASX,EXP,ORD,2015-03-27,,asx_file,,4
4315,4304,ASX,EXR,ORD,2004-07-19,,asx_file,,4
4316,4305,ASX,EXT,ORD,2007-01-03,,asx_file,,4
4317,4306,ASX,EYE,ORD,1987-10-12,,asx_file,,4
4318,4307,ASX,EZL,ORD,1971-08-02,,asx_file,,4
4319,4308,ASX,EZZ,ORD,2021-03-03,,asx_file,,4
4320,4309,ASX,FAL,ORD,2021-12-22,,asx_file,,4
4321,4310,ASX,FAR,ORD,1986-01-23,,asx_file,,4
4322,4311,ASX,FAU,ORD,1970-01-01,,asx_file,,4
4323,4312,ASX,FBR,ORD,2001-02-08,,asx_file,,4
4324,4313,ASX,FBU,ORD,2001-03-26,,asx_file,,4
4325,4314,ASX,FCG,ORD,2023-11-30,,asx_file,,4
4326,4315,ASX,FCL,ORD,2019-08-16,,asx_file,,4
4327,4316,ASX,FCT,ORD,2011-05-11,,asx_file,,4
4328,4317,ASX,FDC,ORD,2026-07-09,,asx_file,,4
4329,4318,ASX,FDR,ORD,2022-04-08,,asx_file,,4
4330,4319,ASX,FDV,ORD,2016-08-26,,asx_file,,4
4331,4320,ASX,FEG,ORD,2022-03-28,,asx_file,,4
4332,4321,ASX,FEL,ORD,2013-04-30,,asx_file,,4
4333,4322,ASX,FEX,ORD,2008-08-04,,asx_file,,4
4334,4323,ASX,FFG,ORD,1995-11-23,,asx_file,,4
4335,4324,ASX,FFI,ORD,1987-01-15,,asx_file,,4
4336,4325,ASX,FFM,ORD,2005-09-21,,asx_file,,4
4337,4326,ASX,FG1,ORD,2021-06-17,,asx_file,,4
4338,4327,ASX,FGG,ORD,2015-09-10,,asx_file,,4
4339,4328,ASX,FGH,ORD,1999-01-05,,asx_file,,4
4340,4329,ASX,FGR,ORD,1994-08-08,,asx_file,,4
4341,4330,ASX,FGX,ORD,1997-03-06,,asx_file,,4
4342,4331,ASX,FHE,ORD,2009-12-18,,asx_file,,4
4343,4332,ASX,FHS,ORD,2017-01-16,,asx_file,,4
4344,4333,ASX,FID,ORD,2015-02-09,,asx_file,,4
4345,4334,ASX,FIN,ORD,1989-11-02,,asx_file,,4
4346,4335,ASX,FL1,ORD,2000-02-21,,asx_file,,4
4347,4336,ASX,FLC,ORD,2007-12-18,,asx_file,,4
4348,4337,ASX,FLG,ORD,2020-10-08,,asx_file,,4
4349,4338,ASX,FLN,ORD,2013-11-15,,asx_file,,4
4350,4339,ASX,FLT,ORD,1995-12-01,,asx_file,,4
4351,4340,ASX,FLX,ORD,2021-01-12,,asx_file,,4
4352,4341,ASX,FME,ORD,2007-08-16,,asx_file,,4
4353,4342,ASX,FMG,ORD,1987-03-19,,asx_file,,4
4354,4343,ASX,FML,ORD,2000-09-13,,asx_file,,4
4355,4344,ASX,FMN,ORD,2013-10-08,,asx_file,,4
4356,4345,ASX,FMR,ORD,2010-11-30,,asx_file,,4
4357,4346,ASX,FND,ORD,2001-08-08,,asx_file,,4
4358,4347,ASX,FNR,ORD,2024-04-12,,asx_file,,4
4359,4348,ASX,FNX,ORD,2006-12-21,,asx_file,,4
4360,4349,ASX,FOS,ORD,2021-06-07,,asx_file,,4
4361,4350,ASX,FPC,ORD,2017-03-22,,asx_file,,4
4362,4351,ASX,FPH,ORD,2001-11-21,,asx_file,,4
4363,4352,ASX,FPR,ORD,2015-04-22,,asx_file,,4
4364,4353,ASX,FRB,ORD,2021-03-18,,asx_file,,4
4365,4354,ASX,FRE,ORD,2022-01-28,,asx_file,,4
4366,4355,ASX,FRI,ORD,1994-08-05,,asx_file,,4
4367,4356,ASX,FRM,ORD,1997-12-19,,asx_file,,4
4368,4357,ASX,FRS,ORD,2021-09-30,,asx_file,,4
4369,4358,ASX,FRW,ORD,2023-09-14,,asx_file,,4
4370,4359,ASX,FRX,ORD,2015-06-16,,asx_file,,4
4371,4360,ASX,FSA,ORD,2001-01-11,,asx_file,,4
4372,4361,ASX,FSI,ORD,2000-12-20,,asx_file,,4
4373,4362,ASX,FTI,ORD,2021-04-21,,asx_file,,4
4374,4363,ASX,FUL,ORD,2024-11-22,,asx_file,,4
4375,4364,ASX,FUN,ORD,2003-04-09,,asx_file,,4
4376,4365,ASX,FWD,ORD,1987-04-15,,asx_file,,4
4377,4366,ASX,FXG,ORD,2022-01-31,,asx_file,,4
4378,4367,ASX,FZR,ORD,1998-03-04,,asx_file,,4
4379,4368,ASX,G11,ORD,2010-08-05,,asx_file,,4
4380,4369,ASX,G1C,ORD,1986-07-17,,asx_file,,4
4381,4370,ASX,G50,ORD,2021-08-06,,asx_file,,4
4382,4371,ASX,G6M,ORD,1967-09-21,,asx_file,,4
4383,4372,ASX,G88,ORD,2017-06-19,,asx_file,,4
4384,4373,ASX,GA8,ORD,1986-06-30,,asx_file,,4
4385,4374,ASX,GAL,ORD,2018-05-29,,asx_file,,4
4386,4375,ASX,GAP,ORD,2000-12-14,,asx_file,,4
4387,4376,ASX,GAS,ORD,2017-10-10,,asx_file,,4
4388,4377,ASX,GBE,ORD,2005-12-09,,asx_file,,4
4389,4378,ASX,GBL,ORD,2006-04-21,,asx_file,,4
4390,4379,ASX,GBM,ORD,2007-10-24,,asx_file,,4
4391,4380,ASX,GBR,ORD,2016-11-18,,asx_file,,4
4392,4381,ASX,GC1,ORD,2015-08-21,,asx_file,,4
4393,4382,ASX,GCI,ORD,2018-05-25,,asx_file,,4
4394,4383,ASX,GCM,ORD,2007-11-15,,asx_file,,4
4395,4384,ASX,GCR,ORD,1996-03-27,,asx_file,,4
4396,4385,ASX,GDF,ORD,2015-07-02,,asx_file,,4
4397,4386,ASX,GDG,ORD,2007-12-11,,asx_file,,4
4398,4387,ASX,GDI,ORD,2013-12-17,,asx_file,,4
4399,4388,ASX,GDM,ORD,2023-08-25,,asx_file,,4
4400,4389,ASX,GDR,ORD,2025-10-29,,asx_file,,4
4401,4390,ASX,GED,ORD,1986-12-04,,asx_file,,4
4402,4391,ASX,GEM,ORD,2007-12-05,,asx_file,,4
4403,4392,ASX,GEN,ORD,2021-03-10,,asx_file,,4
4404,4393,ASX,GES,ORD,2009-10-27,,asx_file,,4
4405,4394,ASX,GFL,ORD,2006-05-16,,asx_file,,4
4406,4395,ASX,GG1,ORD,2025-10-08,,asx_file,,4
4407,4396,ASX,GG8,ORD,1971-07-28,,asx_file,,4
4408,4397,ASX,GGE,ORD,1998-03-20,,asx_file,,4
4409,4398,ASX,GGP,ORD,2025-06-24,,asx_file,,4
4410,4399,ASX,GGR,ORD,2025-10-31,,asx_file,,4
4411,4400,ASX,GHM,ORD,2024-12-16,,asx_file,,4
4412,4401,ASX,GHY,ORD,2023-01-13,,asx_file,,4
4413,4402,ASX,GIB,ORD,2008-07-01,,asx_file,,4
4414,4403,ASX,GL1,ORD,2021-05-06,,asx_file,,4
4415,4404,ASX,GLB,ORD,2001-05-24,,asx_file,,4
4416,4405,ASX,GLE,ORD,2005-12-14,,asx_file,,4
4417,4406,ASX,GLF,ORD,2025-07-03,,asx_file,,4
4418,4407,ASX,GLH,ORD,2000-04-04,,asx_file,,4
4419,4408,ASX,GLL,ORD,1996-02-15,,asx_file,,4
4420,4409,ASX,GLN,ORD,2011-06-08,,asx_file,,4
4421,4410,ASX,GLS,ORD,1994-06-29,,asx_file,,4
4422,4411,ASX,GMD,ORD,2007-08-02,,asx_file,,4
4423,4412,ASX,GMG,ORD,2005-02-02,,asx_file,,4
4424,4413,ASX,GML,ORD,1971-08-02,,asx_file,,4
4425,4414,ASX,GMN,ORD,2011-09-02,,asx_file,,4
4426,4415,ASX,GNC,ORD,1998-03-30,,asx_file,,4
4427,4416,ASX,GNE,ORD,2014-04-17,,asx_file,,4
4428,4417,ASX,GNG,ORD,2011-04-19,,asx_file,,4
4429,4418,ASX,GNM,ORD,2008-03-05,,asx_file,,4
4430,4419,ASX,GNP,ORD,2020-12-14,,asx_file,,4
4431,4420,ASX,GOW,ORD,1962-07-31,,asx_file,,4
4432,4421,ASX,GOZ,ORD,2007-07-04,,asx_file,,4
4433,4422,ASX,GPR,ORD,2006-05-09,,asx_file,,4
4434,4423,ASX,GPT,ORD,1971-04-01,,asx_file,,4
4435,4424,ASX,GQG,ORD,2021-10-26,,asx_file,,4
4436,4425,ASX,GR8,ORD,2023-11-10,,asx_file,,4
4437,4426,ASX,GRE,ORD,2022-01-04,,asx_file,,4
4438,4427,ASX,GRL,ORD,2019-12-18,,asx_file,,4
4439,4428,ASX,GRR,ORD,1986-03-27,,asx_file,,4
4440,4429,ASX,GRS,ORD,2026-07-31,,asx_file,,4
4441,4430,ASX,GRV,ORD,1971-07-28,,asx_file,,4
4442,4431,ASX,GRX,ORD,1993-09-06,,asx_file,,4
4443,4432,ASX,GSM,ORD,2018-11-08,,asx_file,,4
4444,4433,ASX,GSN,ORD,2011-04-14,,asx_file,,4
4445,4434,ASX,GSS,ORD,2015-03-31,,asx_file,,4
4446,4435,ASX,GT1,ORD,2021-11-10,,asx_file,,4
4447,4436,ASX,GT3,ORD,2011-05-17,,asx_file,,4
4448,4437,ASX,GTE,ORD,2007-06-05,,asx_file,,4
4449,4438,ASX,GTG,ORD,1987-07-30,,asx_file,,4
4450,4439,ASX,GTI,ORD,2008-07-17,,asx_file,,4
4451,4440,ASX,GTK,ORD,2014-06-25,,asx_file,,4
4452,4441,ASX,GTN,ORD,2016-06-01,,asx_file,,4
4453,4442,ASX,GUL,ORD,1980-06-19,,asx_file,,4
4454,4443,ASX,GUM,ORD,2016-09-15,,asx_file,,4
4455,4444,ASX,GVF,ORD,2014-07-21,,asx_file,,4
4456,4445,ASX,GW1,ORD,2005-10-20,,asx_file,,4
4457,4446,ASX,GWA,ORD,1993-05-20,,asx_file,,4
4458,4447,ASX,GWR,ORD,2004-12-24,,asx_file,,4
4459,4448,ASX,GYG,ORD,2024-06-20,,asx_file,,4
4460,4449,ASX,H2G,ORD,1980-12-04,,asx_file,,4
4461,4450,ASX,H3E,ORD,2004-03-10,,asx_file,,4
4462,4451,ASX,HAL,ORD,2022-04-26,,asx_file,,4
4463,4452,ASX,HAR,ORD,2022-01-27,,asx_file,,4
4464,4453,ASX,HAS,ORD,2008-02-20,,asx_file,,4
4465,4454,ASX,HAV,ORD,2002-03-21,,asx_file,,4
4466,4455,ASX,HAW,ORD,1986-07-03,,asx_file,,4
4467,4456,ASX,HCF,ORD,2022-10-25,,asx_file,,4
4468,4457,ASX,HCH,ORD,2010-05-03,,asx_file,,4
4469,4458,ASX,HCL,ORD,2005-09-15,,asx_file,,4
4470,4459,ASX,HCT,ORD,2004-02-26,,asx_file,,4
4471,4460,ASX,HCW,ORD,2021-09-06,,asx_file,,4
4472,4461,ASX,HDN,ORD,2020-11-23,,asx_file,,4
4473,4462,ASX,HE8,ORD,2010-10-20,,asx_file,,4
4474,4463,ASX,HFR,ORD,2012-02-07,,asx_file,,4
4475,4464,ASX,HFY,ORD,2017-01-12,,asx_file,,4
4476,4465,ASX,HGH,ORD,2018-11-01,,asx_file,,4
4477,4466,ASX,HGO,ORD,1994-07-22,,asx_file,,4
4478,4467,ASX,HIO,ORD,2007-11-14,,asx_file,,4
4479,4468,ASX,HIQ,ORD,2021-06-16,,asx_file,,4
4480,4469,ASX,HIT,ORD,2000-04-17,,asx_file,,4
4481,4470,ASX,HLI,ORD,2014-05-20,,asx_file,,4
4482,4471,ASX,HLO,ORD,2000-09-13,,asx_file,,4
4483,4472,ASX,HLS,ORD,1998-07-03,,asx_file,,4
4484,4473,ASX,HLX,ORD,1986-05-22,,asx_file,,4
4485,4474,ASX,HM1,ORD,2018-11-14,,asx_file,,4
4486,4475,ASX,HMC,ORD,2019-10-14,,asx_file,,4
4487,4476,ASX,HMD,ORD,2018-12-12,,asx_file,,4
4488,4477,ASX,HMG,ORD,2021-11-05,,asx_file,,4
4489,4478,ASX,HMI,ORD,2021-05-11,,asx_file,,4
4490,4479,ASX,HMX,ORD,2003-02-25,,asx_file,,4
4491,4480,ASX,HMY,ORD,2020-11-19,,asx_file,,4
4492,4481,ASX,HOR,ORD,2010-07-29,,asx_file,,4
4493,4482,ASX,HPC,ORD,2021-12-14,,asx_file,,4
4494,4483,ASX,HPG,ORD,2020-11-12,,asx_file,,4
4495,4484,ASX,HPR,ORD,2007-03-30,,asx_file,,4
4496,4485,ASX,HRE,ORD,2022-08-24,,asx_file,,4
4497,4486,ASX,HRN,ORD,2016-12-21,,asx_file,,4
4498,4487,ASX,HSN,ORD,2000-06-01,,asx_file,,4
4499,4488,ASX,HT8,ORD,1999-06-24,,asx_file,,4
4500,4489,ASX,HTM,ORD,2023-01-23,,asx_file,,4
4501,4490,ASX,HUB,ORD,2007-07-05,,asx_file,,4
4502,4491,ASX,HUM,ORD,2006-12-12,,asx_file,,4
4503,4492,ASX,HVN,ORD,1987-09-03,,asx_file,,4
4504,4493,ASX,HVY,ORD,2021-09-14,,asx_file,,4
4505,4494,ASX,HWK,ORD,2017-06-09,,asx_file,,4
4506,4495,ASX,HXL,ORD,2020-12-01,,asx_file,,4
4507,4496,ASX,HYD,ORD,2001-05-11,,asx_file,,4
4508,4497,ASX,HYT,ORD,2005-12-14,,asx_file,,4
4509,4498,ASX,HZN,ORD,1981-06-30,,asx_file,,4
4510,4499,ASX,HZR,ORD,2015-12-02,,asx_file,,4
4511,4500,ASX,I88,ORD,2024-01-15,,asx_file,,4
4512,4501,ASX,IAG,ORD,2000-08-08,,asx_file,,4
4513,4502,ASX,IAM,ORD,1987-01-14,,asx_file,,4
4514,4503,ASX,IBC,ORD,1987-04-02,,asx_file,,4
4515,4504,ASX,IBR,ORD,2001-06-07,,asx_file,,4
4516,4505,ASX,IBX,ORD,2017-06-22,,asx_file,,4
4517,4506,ASX,ICE,ORD,2019-12-23,,asx_file,,4
4518,4507,ASX,ICL,ORD,2021-04-14,,asx_file,,4
4519,4508,ASX,ICR,ORD,2020-05-25,,asx_file,,4
4520,4509,ASX,ICU,ORD,2006-07-31,,asx_file,,4
4521,4510,ASX,ID8DA,ORD,2018-10-17,,asx_file,,4
4522,4511,ASX,IDA,ORD,1986-07-17,,asx_file,,4
4523,4512,ASX,IDT,ORD,1991-02-18,,asx_file,,4
4524,4513,ASX,IDX,ORD,2015-10-21,,asx_file,,4
4525,4514,ASX,IEL,ORD,2015-11-26,,asx_file,,4
4526,4515,ASX,IEQ,ORD,1993-03-11,,asx_file,,4
4527,4516,ASX,IFG,ORD,2004-08-10,,asx_file,,4
4528,4517,ASX,IFN,ORD,2025-06-25,,asx_file,,4
4529,4518,ASX,IFT,ORD,2010-08-30,,asx_file,,4
4530,4519,ASX,IG6,ORD,2022-04-07,,asx_file,,4
4531,4520,ASX,IGL,ORD,2015-12-16,,asx_file,,4
4532,4521,ASX,IGN,ORD,1997-01-16,,asx_file,,4
4533,4522,ASX,IGO,ORD,2002-01-17,,asx_file,,4
4534,4523,ASX,IIQ,ORD,1991-04-18,,asx_file,,4
4535,4524,ASX,IKE,ORD,2016-11-21,,asx_file,,4
4536,4525,ASX,ILA,ORD,2021-04-13,,asx_file,,4
4537,4526,ASX,ILT,ORD,2023-06-30,,asx_file,,4
4538,4527,ASX,ILU,ORD,1962-06-30,,asx_file,,4
4539,4528,ASX,IMA,ORD,2002-07-04,,asx_file,,4
4540,4529,ASX,IMB,ORD,1994-03-03,,asx_file,,4
4541,4530,ASX,IMC,ORD,1999-04-30,,asx_file,,4
4542,4531,ASX,IMD,ORD,1987-09-24,,asx_file,,4
4543,4532,ASX,IME,ORD,2005-12-14,,asx_file,,4
4544,4533,ASX,IMI,ORD,2021-12-22,,asx_file,,4
4545,4534,ASX,IMM,ORD,1988-06-23,,asx_file,,4
4546,4535,ASX,IMR,ORD,2019-08-30,,asx_file,,4
4547,4536,ASX,IMU,ORD,1993-11-24,,asx_file,,4
4548,4537,ASX,INA,ORD,2004-07-01,,asx_file,,4
4549,4538,ASX,IND,ORD,2021-07-13,,asx_file,,4
4550,4539,ASX,INF,ORD,2011-04-15,,asx_file,,4
4551,4540,ASX,ING,ORD,2016-11-07,,asx_file,,4
4552,4541,ASX,INR,ORD,2007-12-19,,asx_file,,4
4553,4542,ASX,INV,ORD,2005-04-21,,asx_file,,4
4554,4543,ASX,IOD,ORD,2003-11-18,,asx_file,,4
4555,4544,ASX,ION,ORD,2005-04-21,,asx_file,,4
4556,4545,ASX,IOV,ORD,2011-07-26,,asx_file,,4
4557,4546,ASX,IPC,ORD,1971-07-28,,asx_file,,4
4558,4547,ASX,IPD,ORD,2007-10-24,,asx_file,,4
4559,4548,ASX,IPG,ORD,2021-12-17,,asx_file,,4
4560,4549,ASX,IPH,ORD,2014-11-19,,asx_file,,4
4561,4550,ASX,IPT,ORD,2006-11-29,,asx_file,,4
4562,4551,ASX,IPX,ORD,2018-04-16,,asx_file,,4
4563,4552,ASX,IRD,ORD,2008-06-12,,asx_file,,4
4564,4553,ASX,IRE,ORD,2000-11-03,,asx_file,,4
4565,4554,ASX,IRI,ORD,2000-12-13,,asx_file,,4
4566,4555,ASX,IS3,ORD,2017-03-30,,asx_file,,4
4567,4556,ASX,ITM,ORD,2021-10-21,,asx_file,,4
4568,4557,ASX,ITS,ORD,1999-10-22,,asx_file,,4
4569,4558,ASX,IVG,ORD,2004-03-19,,asx_file,,4
4570,4559,ASX,IVR,ORD,2007-04-03,,asx_file,,4
4571,4560,ASX,IVX,ORD,2010-02-15,,asx_file,,4
4572,4561,ASX,IVZ,ORD,2012-01-19,,asx_file,,4
4573,4562,ASX,IXC,ORD,2019-07-05,,asx_file,,4
4574,4563,ASX,IXR,ORD,1999-12-10,,asx_file,,4
4575,4564,ASX,JAL,ORD,2007-12-18,,asx_file,,4
4576,4565,ASX,JAN,ORD,2000-09-12,,asx_file,,4
4577,4566,ASX,JAT,ORD,2008-01-30,,asx_file,,4
4578,4567,ASX,JAV,ORD,2012-10-09,,asx_file,,4
4579,4568,ASX,JAY,ORD,2018-01-29,,asx_file,,4
4580,4569,ASX,JBH,ORD,2003-10-23,,asx_file,,4
4581,4570,ASX,JCS,ORD,2000-12-08,,asx_file,,4
4582,4571,ASX,JDO,ORD,2021-11-01,,asx_file,,4
4583,4572,ASX,JGH,ORD,1995-02-13,,asx_file,,4
4584,4573,ASX,JHX,ORD,2001-10-15,,asx_file,,4
4585,4574,ASX,JIN,ORD,1972-06-14,,asx_file,,4
4586,4575,ASX,JLL,ORD,2002-07-11,,asx_file,,4
4587,4576,ASX,JMS,ORD,2018-04-18,,asx_file,,4
4588,4577,ASX,JNO,ORD,2021-05-14,,asx_file,,4
4589,4578,ASX,JNS,ORD,2002-09-12,,asx_file,,4
4590,4579,ASX,JPR,ORD,2003-11-12,,asx_file,,4
4591,4580,ASX,JYC,ORD,1986-12-17,,asx_file,,4
4592,4581,ASX,KAL,ORD,2021-11-17,,asx_file,,4
4593,4582,ASX,KAM,ORD,2007-11-29,,asx_file,,4
4594,4583,ASX,KAO,ORD,2026-05-07,,asx_file,,4
4595,4584,ASX,KAR,ORD,2004-06-08,,asx_file,,4
4596,4585,ASX,KAT,ORD,2005-12-23,,asx_file,,4
4597,4586,ASX,KAU,ORD,2020-02-28,,asx_file,,4
4598,4587,ASX,KBC,ORD,1999-12-23,,asx_file,,4
4599,4588,ASX,KCC,ORD,2021-03-30,,asx_file,,4
4600,4589,ASX,KCN,ORD,1988-04-21,,asx_file,,4
4601,4590,ASX,KEY,ORD,2007-04-26,,asx_file,,4
4602,4591,ASX,KFM,ORD,2020-12-11,,asx_file,,4
4603,4592,ASX,KGL,ORD,2005-03-17,,asx_file,,4
4604,4593,ASX,KGN,ORD,2016-07-07,,asx_file,,4
4605,4594,ASX,KIT,ORD,2026-03-30,,asx_file,,4
4606,4595,ASX,KKC,ORD,2019-11-21,,asx_file,,4
4607,4596,ASX,KKO,ORD,2011-07-21,,asx_file,,4
4608,4597,ASX,KLI,ORD,2022-02-10,,asx_file,,4
4609,4598,ASX,KLR,ORD,1997-03-06,,asx_file,,4
4610,4599,ASX,KLS,ORD,2013-10-16,,asx_file,,4
4611,4600,ASX,KLV,ORD,2022-02-11,,asx_file,,4
4612,4601,ASX,KM1,ORD,2024-01-08,,asx_file,,4
4613,4602,ASX,KMD,ORD,2009-11-13,,asx_file,,4
4614,4603,ASX,KME,ORD,2003-08-15,,asx_file,,4
4615,4604,ASX,KNB,ORD,2021-09-28,,asx_file,,4
4616,4605,ASX,KNG,ORD,2022-06-14,,asx_file,,4
4617,4606,ASX,KNI,ORD,2021-08-24,,asx_file,,4
4618,4607,ASX,KNO,ORD,2015-09-09,,asx_file,,4
4619,4608,ASX,KOA,ORD,2026-03-31,,asx_file,,4
4620,4609,ASX,KOB,ORD,2022-05-04,,asx_file,,4
4621,4610,ASX,KOV,ORD,1970-09-17,,asx_file,,4
4622,4611,ASX,KP2,ORD,2017-11-07,,asx_file,,4
4623,4612,ASX,KPG,ORD,2017-06-21,,asx_file,,4
4624,4613,ASX,KPO,ORD,1971-08-02,,asx_file,,4
4625,4614,ASX,KRM,ORD,2007-12-07,,asx_file,,4
4626,4615,ASX,KRR,ORD,2007-09-21,,asx_file,,4
4627,4616,ASX,KSC,ORD,1971-08-25,,asx_file,,4
4628,4617,ASX,KSL,ORD,2015-07-30,,asx_file,,4
4629,4618,ASX,KSN,ORD,1987-03-05,,asx_file,,4
4630,4619,ASX,KTA,ORD,2012-12-28,,asx_file,,4
4631,4620,ASX,KTK,ORD,2026-05-18,,asx_file,,4
4632,4621,ASX,KYN,ORD,2014-07-11,,asx_file,,4
4633,4622,ASX,KYP,ORD,2015-09-08,,asx_file,,4
4634,4623,ASX,KZR,ORD,2017-01-16,,asx_file,,4
4635,4624,ASX,L1G,ORD,2007-05-23,,asx_file,,4
4636,4625,ASX,L1M,ORD,2022-11-22,,asx_file,,4
4637,4626,ASX,LAC,ORD,2005-10-25,,asx_file,,4
4638,4627,ASX,LAM,ORD,2013-04-30,,asx_file,,4
4639,4628,ASX,LAT,ORD,2007-12-13,,asx_file,,4
4640,4629,ASX,LAU,ORD,1994-07-05,,asx_file,,4
4641,4630,ASX,LBL,ORD,2007-12-17,,asx_file,,4
4642,4631,ASX,LCE,ORD,1987-03-06,,asx_file,,4
4643,4632,ASX,LCL,ORD,2007-10-02,,asx_file,,4
4644,4633,ASX,LCY,ORD,2008-07-08,,asx_file,,4
4645,4634,ASX,LDR,ORD,2021-07-02,,asx_file,,4
4646,4635,ASX,LDX,ORD,2021-07-05,,asx_file,,4
4647,4636,ASX,LED,ORD,2019-12-06,,asx_file,,4
4648,4637,ASX,LEG,ORD,1995-08-25,,asx_file,,4
4649,4638,ASX,LEL,ORD,2021-05-19,,asx_file,,4
4650,4639,ASX,LEX,ORD,1991-09-05,,asx_file,,4
4651,4640,ASX,LF1,ORD,2025-06-27,,asx_file,,4
4652,4641,ASX,LFG,ORD,2020-12-15,,asx_file,,4
4653,4642,ASX,LFS,ORD,2021-04-20,,asx_file,,4
4654,4643,ASX,LFT,ORD,2026-05-26,,asx_file,,4
4655,4644,ASX,LGF,ORD,2026-04-24,,asx_file,,4
4656,4645,ASX,LGI,ORD,2022-10-04,,asx_file,,4
4657,4646,ASX,LGM,ORD,2021-09-13,,asx_file,,4
4658,4647,ASX,LGP,ORD,2020-02-20,,asx_file,,4
4659,4648,ASX,LIB,ORD,2003-11-20,,asx_file,,4
4660,4649,ASX,LIC,ORD,1998-12-15,,asx_file,,4
4661,4650,ASX,LIN,ORD,2000-03-02,,asx_file,,4
4662,4651,ASX,LIO,ORD,1972-02-15,,asx_file,,4
4663,4652,ASX,LIS,ORD,2021-09-28,,asx_file,,4
4664,4653,ASX,LIT,ORD,2007-10-30,,asx_file,,4
4665,4654,ASX,LKE,ORD,2001-08-29,,asx_file,,4
4666,4655,ASX,LKO,ORD,1985-12-05,,asx_file,,4
4667,4656,ASX,LKY,ORD,2021-07-08,,asx_file,,4
4668,4657,ASX,LLC,ORD,1962-06-30,,asx_file,,4
4669,4658,ASX,LLM,ORD,2021-07-06,,asx_file,,4
4670,4659,ASX,LM1,ORD,2023-03-29,,asx_file,,4
4671,4660,ASX,LM8,ORD,2021-06-16,,asx_file,,4
4672,4661,ASX,LMG,ORD,1986-12-18,,asx_file,,4
4673,4662,ASX,LML,ORD,2007-03-09,,asx_file,,4
4674,4663,ASX,LMS,ORD,2024-03-15,,asx_file,,4
4675,4664,ASX,LNQ,ORD,2025-06-27,,asx_file,,4
4676,4665,ASX,LNW,ORD,2023-05-22,,asx_file,,4
4677,4666,ASX,LOT,ORD,2009-02-18,,asx_file,,4
4678,4667,ASX,LOV,ORD,2014-12-18,,asx_file,,4
4679,4668,ASX,LPE,ORD,2011-10-11,,asx_file,,4
4680,4669,ASX,LPM,ORD,2022-04-26,,asx_file,,4
4681,4670,ASX,LRD,ORD,2022-04-07,,asx_file,,4
4682,4671,ASX,LRK,ORD,2003-11-12,,asx_file,,4
4683,4672,ASX,LRM,ORD,2003-07-17,,asx_file,,4
4684,4673,ASX,LRT,ORD,2018-03-22,,asx_file,,4
4685,4674,ASX,LRV,ORD,2021-12-06,,asx_file,,4
4686,4675,ASX,LSA,ORD,1971-07-28,,asx_file,,4
4687,4676,ASX,LSF,ORD,2018-04-24,,asx_file,,4
4688,4677,ASX,LSR,ORD,2007-12-21,,asx_file,,4
4689,4678,ASX,LSX,ORD,2013-03-13,,asx_file,,4
4690,4679,ASX,LTP,ORD,2023-12-11,,asx_file,,4
4691,4680,ASX,LTR,ORD,2006-12-27,,asx_file,,4
4692,4681,ASX,LU7,ORD,2011-10-19,,asx_file,,4
4693,4682,ASX,LUX,ORD,2026-07-17,,asx_file,,4
4694,4683,ASX,LVE,ORD,2014-12-05,,asx_file,,4
4695,4684,ASX,LYC,ORD,1986-09-11,,asx_file,,4
4696,4685,ASX,LYL,ORD,2004-12-17,,asx_file,,4
4697,4686,ASX,M24,ORD,2021-02-05,,asx_file,,4
4698,4687,ASX,M2M,ORD,2021-09-10,,asx_file,,4
4699,4688,ASX,M2R,ORD,2020-10-22,,asx_file,,4
4700,4689,ASX,M3M,ORD,2021-07-29,,asx_file,,4
4701,4690,ASX,M4M,ORD,1987-01-16,,asx_file,,4
4702,4691,ASX,M79,ORD,2022-04-13,,asx_file,,4
4703,4692,ASX,M7T,ORD,2005-11-30,,asx_file,,4
4704,4693,ASX,M96,ORD,2008-01-15,,asx_file,,4
4705,4694,ASX,MA1,ORD,2025-03-05,,asx_file,,4
4706,4695,ASX,MAD,ORD,2019-10-01,,asx_file,,4
4707,4696,ASX,MAF,ORD,2017-04-10,,asx_file,,4
4708,4697,ASX,MAG,ORD,2017-05-19,,asx_file,,4
4709,4698,ASX,MAH,ORD,1983-12-01,,asx_file,,4
4710,4699,ASX,MAM,ORD,2018-04-30,,asx_file,,4
4711,4700,ASX,MAN,ORD,1987-05-29,,asx_file,,4
4712,4701,ASX,MAP,ORD,2022-04-05,,asx_file,,4
4713,4702,ASX,MAQ,ORD,1999-09-27,,asx_file,,4
4714,4703,ASX,MAT,ORD,2005-04-20,,asx_file,,4
4715,4704,ASX,MAY,ORD,1998-03-27,,asx_file,,4
4716,4705,ASX,MBG,ORD,2026-02-06,,asx_file,,4
4717,4706,ASX,MBH,ORD,2004-08-27,,asx_file,,4
4718,4707,ASX,MBK,ORD,2011-03-02,,asx_file,,4
4719,4708,ASX,MC2,ORD,2025-04-02,,asx_file,,4
4720,4709,ASX,MCA,ORD,2011-03-30,,asx_file,,4
4721,4710,ASX,MCM,ORD,1980-04-24,,asx_file,,4
4722,4711,ASX,MCO,ORD,1996-11-21,,asx_file,,4
4723,4712,ASX,MCP,ORD,1962-06-30,,asx_file,,4
4724,4713,ASX,MCY,ORD,2013-05-10,,asx_file,,4
4725,4714,ASX,MDI,ORD,2010-12-16,,asx_file,,4
4726,4715,ASX,MDX,ORD,2004-12-08,,asx_file,,4
4727,4716,ASX,MEC,ORD,2017-05-03,,asx_file,,4
4728,4717,ASX,MEG,ORD,2020-10-27,,asx_file,,4
4729,4718,ASX,MEI,ORD,2004-07-16,,asx_file,,4
4730,4719,ASX,MEK,ORD,1999-12-21,,asx_file,,4
4731,4720,ASX,MEL,ORD,2004-12-23,,asx_file,,4
4732,4721,ASX,MEM,ORD,2007-05-14,,asx_file,,4
4733,4722,ASX,MEU,ORD,2007-11-21,,asx_file,,4
4734,4723,ASX,MEX,ORD,2022-06-07,,asx_file,,4
4735,4724,ASX,MEZ,ORD,2013-10-29,,asx_file,,4
4736,4725,ASX,MFD,ORD,2016-11-30,,asx_file,,4
4737,4726,ASX,MFF,ORD,2006-12-19,,asx_file,,4
4738,4727,ASX,MFG,ORD,2004-07-01,,asx_file,,4
4739,4728,ASX,MGA,ORD,2022-07-06,,asx_file,,4
4740,4729,ASX,MGH,ORD,2020-12-04,,asx_file,,4
4741,4730,ASX,MGL,ORD,1983-07-07,,asx_file,,4
4742,4731,ASX,MGR,ORD,1999-06-16,,asx_file,,4
4743,4732,ASX,MGT,ORD,2006-04-06,,asx_file,,4
4744,4733,ASX,MGU,ORD,1987-04-23,,asx_file,,4
4745,4734,ASX,MGX,ORD,1976-02-12,,asx_file,,4
4746,4735,ASX,MHC,ORD,2008-01-29,,asx_file,,4
4747,4736,ASX,MHJ,ORD,2016-07-07,,asx_file,,4
4748,4737,ASX,MHK,ORD,2020-11-19,,asx_file,,4
4749,4738,ASX,MHM,ORD,2024-12-20,,asx_file,,4
4750,4739,ASX,MI6,ORD,2021-10-12,,asx_file,,4
4751,4740,ASX,MIN,ORD,2006-07-28,,asx_file,,4
4752,4741,ASX,MIO,ORD,2019-12-06,,asx_file,,4
4753,4742,ASX,MIR,ORD,2001-06-28,,asx_file,,4
4754,4743,ASX,MKR,ORD,2020-07-14,,asx_file,,4
4755,4744,ASX,ML8,ORD,2025-12-11,,asx_file,,4
4756,4745,ASX,MLG,ORD,2021-05-04,,asx_file,,4
4757,4746,ASX,MLS,ORD,1986-01-23,,asx_file,,4
4758,4747,ASX,MLX,ORD,2004-08-26,,asx_file,,4
4759,4748,ASX,MM1,ORD,2021-09-07,,asx_file,,4
4760,4749,ASX,MM8,ORD,2021-03-22,,asx_file,,4
4761,4750,ASX,MMA,ORD,2022-04-29,,asx_file,,4
4762,4751,ASX,MME,ORD,2019-12-12,,asx_file,,4
4763,4752,ASX,MMI,ORD,2009-12-04,,asx_file,,4
4764,4753,ASX,MML,ORD,2022-05-02,,asx_file,,4
4765,4754,ASX,MMR,ORD,2006-05-29,,asx_file,,4
4766,4755,ASX,MMS,ORD,2004-03-15,,asx_file,,4
4767,4756,ASX,MNB,ORD,2010-10-18,,asx_file,,4
4768,4757,ASX,MNC,ORD,2024-10-30,,asx_file,,4
4769,4758,ASX,MND,ORD,1991-03-28,,asx_file,,4
4770,4759,ASX,MNE,ORD,2026-02-25,,asx_file,,4
4771,4760,ASX,MNV,ORD,2026-07-24,,asx_file,,4
4772,4761,ASX,MOH,ORD,2018-11-07,,asx_file,,4
4773,4762,ASX,MOM,ORD,1987-01-15,,asx_file,,4
4774,4763,ASX,MOT,ORD,2019-04-29,,asx_file,,4
4775,4764,ASX,MOV,ORD,2022-07-01,,asx_file,,4
4776,4765,ASX,MP1,ORD,2015-12-17,,asx_file,,4
4777,4766,ASX,MPK,ORD,2022-03-16,,asx_file,,4
4778,4767,ASX,MPL,ORD,2014-11-25,,asx_file,,4
4779,4768,ASX,MPP,ORD,2014-07-30,,asx_file,,4
4780,4769,ASX,MPR,ORD,1974-01-01,,asx_file,,4
4781,4770,ASX,MPW,ORD,2012-11-01,,asx_file,,4
4782,4771,ASX,MPX,ORD,2014-11-28,,asx_file,,4
4783,4772,ASX,MQG,ORD,2007-11-05,,asx_file,,4
4784,4773,ASX,MQR,ORD,2017-03-15,,asx_file,,4
4785,4774,ASX,MRD,ORD,2004-09-15,,asx_file,,4
4786,4775,ASX,MRE,ORD,2024-10-16,,asx_file,,4
4787,4776,ASX,MRQ,ORD,2011-06-08,,asx_file,,4
4788,4777,ASX,MRR,ORD,2011-11-11,,asx_file,,4
4789,4778,ASX,MRT,ORD,1992-02-06,,asx_file,,4
4790,4779,ASX,MRZ,ORD,2019-05-07,,asx_file,,4
4791,4780,ASX,MSB,ORD,2004-12-16,,asx_file,,4
4792,4781,ASX,MSG,ORD,2012-01-17,,asx_file,,4
4793,4782,ASX,MSI,ORD,1993-02-11,,asx_file,,4
4794,4783,ASX,MSV,ORD,2011-08-02,,asx_file,,4
4795,4784,ASX,MTC,ORD,2017-02-24,,asx_file,,4
4796,4785,ASX,MTH,ORD,2002-11-18,,asx_file,,4
4797,4786,ASX,MTL,ORD,2000-07-11,,asx_file,,4
4798,4787,ASX,MTM,ORD,2021-07-15,,asx_file,,4
4799,4788,ASX,MTO,ORD,2016-04-29,,asx_file,,4
4800,4789,ASX,MTS,ORD,2005-04-08,,asx_file,,4
4801,4790,ASX,MVF,ORD,2014-06-26,,asx_file,,4
4802,4791,ASX,MVL,ORD,2016-06-14,,asx_file,,4
4803,4792,ASX,MVP,ORD,2003-12-15,,asx_file,,4
4804,4793,ASX,MX1,ORD,2015-12-22,,asx_file,,4
4805,4794,ASX,MXI,ORD,1994-12-07,,asx_file,,4
4806,4795,ASX,MXO,ORD,2011-05-09,,asx_file,,4
4807,4796,ASX,MXT,ORD,2017-10-09,,asx_file,,4
4808,4797,ASX,MYE,ORD,2010-05-07,,asx_file,,4
4809,4798,ASX,MYG,ORD,1986-10-30,,asx_file,,4
4810,4799,ASX,MYR,ORD,2009-11-02,,asx_file,,4
4811,4800,ASX,MYS,ORD,2009-09-10,,asx_file,,4
4812,4801,ASX,MYX,ORD,2007-06-29,,asx_file,,4
4813,4802,ASX,N1H,ORD,2016-03-18,,asx_file,,4
4814,4803,ASX,NAB,ORD,1962-01-31,,asx_file,,4
4815,4804,ASX,NAC,ORD,2014-11-12,,asx_file,,4
4816,4805,ASX,NAE,ORD,1994-02-18,,asx_file,,4
4817,4806,ASX,NAG,ORD,2006-06-23,,asx_file,,4
4818,4807,ASX,NAN,ORD,2007-05-17,,asx_file,,4
4819,4808,ASX,NC1,ORD,2022-01-19,,asx_file,,4
4820,4809,ASX,NC6,ORD,2017-10-18,,asx_file,,4
4821,4810,ASX,NCC,ORD,2013-02-26,,asx_file,,4
4822,4811,ASX,NCK,ORD,2004-05-26,,asx_file,,4
4823,4812,ASX,NDO,ORD,2023-10-16,,asx_file,,4
4824,4813,ASX,NEC,ORD,2013-12-06,,asx_file,,4
4825,4814,ASX,NEM,ORD,2023-10-27,,asx_file,,4
4826,4815,ASX,NES,ORD,2017-12-07,,asx_file,,4
4827,4816,ASX,NEU,ORD,2005-02-03,,asx_file,,4
4828,4817,ASX,NFL,ORD,2022-03-22,,asx_file,,4
4829,4818,ASX,NFM,ORD,2010-12-14,,asx_file,,4
4830,4819,ASX,NGE,ORD,2007-12-28,,asx_file,,4
4831,4820,ASX,NGI,ORD,2006-04-28,,asx_file,,4
4832,4821,ASX,NGS,ORD,2020-10-30,,asx_file,,4
4833,4822,ASX,NGX,ORD,2023-06-16,,asx_file,,4
4834,4823,ASX,NGY,ORD,1987-01-15,,asx_file,,4
4835,4824,ASX,NH3,ORD,2008-10-30,,asx_file,,4
4836,4825,ASX,NHC,ORD,2003-09-16,,asx_file,,4
4837,4826,ASX,NHE,ORD,2022-04-08,,asx_file,,4
4838,4827,ASX,NHF,ORD,2007-11-05,,asx_file,,4
4839,4828,ASX,NHU,ORD,2026-07-07,,asx_file,,4
4840,4829,ASX,NIC,ORD,2018-08-20,,asx_file,,4
4841,4830,ASX,NIM,ORD,2021-11-22,,asx_file,,4
4842,4831,ASX,NME,ORD,2007-12-06,,asx_file,,4
4843,4832,ASX,NMG,ORD,2001-03-22,,asx_file,,4
4844,4833,ASX,NMR,ORD,2020-11-16,,asx_file,,4
4845,4834,ASX,NMT,ORD,2002-07-10,,asx_file,,4
4846,4835,ASX,NNL,ORD,2022-06-01,,asx_file,,4
4847,4836,ASX,NOL,ORD,2021-07-22,,asx_file,,4
4848,4837,ASX,NOR,ORD,1995-06-27,,asx_file,,4
4849,4838,ASX,NOU,ORD,1985-11-07,,asx_file,,4
4850,4839,ASX,NOV,ORD,2016-01-18,,asx_file,,4
4851,4840,ASX,NOX,ORD,2016-08-09,,asx_file,,4
4852,4841,ASX,NPM,ORD,2011-04-11,,asx_file,,4
4853,4842,ASX,NRX,ORD,2017-11-15,,asx_file,,4
4854,4843,ASX,NRZ,ORD,2005-03-17,,asx_file,,4
4855,4844,ASX,NS1,ORD,2016-05-12,,asx_file,,4
4856,4845,ASX,NSB,ORD,2018-07-27,,asx_file,,4
4857,4846,ASX,NSC,ORD,2004-03-25,,asx_file,,4
4858,4847,ASX,NSM,ORD,2020-09-24,,asx_file,,4
4859,4848,ASX,NST,ORD,2003-12-17,,asx_file,,4
4860,4849,ASX,NTD,ORD,2017-12-15,,asx_file,,4
4861,4850,ASX,NTI,ORD,2016-11-04,,asx_file,,4
4862,4851,ASX,NTM,ORD,1993-12-22,,asx_file,,4
4863,4852,ASX,NTU,ORD,2006-11-15,,asx_file,,4
4864,4853,ASX,NUC,ORD,2019-12-09,,asx_file,,4
4865,4854,ASX,NUF,ORD,1988-11-10,,asx_file,,4
4866,4855,ASX,NUZ,ORD,2001-10-05,,asx_file,,4
4867,4856,ASX,NVA,ORD,1987-06-11,,asx_file,,4
4868,4857,ASX,NVO,ORD,2023-09-11,,asx_file,,4
4869,4858,ASX,NVQ,ORD,2018-12-13,,asx_file,,4
4870,4859,ASX,NVU,ORD,2018-11-30,,asx_file,,4
4871,4860,ASX,NVX,ORD,2015-12-02,,asx_file,,4
4872,4861,ASX,NWH,ORD,2007-09-05,,asx_file,,4
4873,4862,ASX,NWL,ORD,2017-11-20,,asx_file,,4
4874,4863,ASX,NWM,ORD,2018-11-29,,asx_file,,4
4875,4864,ASX,NWS,ORD,2013-06-19,,asx_file,,4
4876,4864,ASX,NWSLV,ORD,2013-06-19,,asx_file,,4
4877,4865,ASX,NX1,ORD,2017-01-11,,asx_file,,4
4878,4866,ASX,NXD,ORD,2009-08-24,,asx_file,,4
4879,4867,ASX,NXG,ORD,2021-07-02,,asx_file,,4
4880,4868,ASX,NXL,ORD,2020-12-04,,asx_file,,4
4881,4869,ASX,NXM,ORD,2007-02-23,,asx_file,,4
4882,4870,ASX,NXN,ORD,2025-10-14,,asx_file,,4
4883,4871,ASX,NXT,ORD,2010-12-13,,asx_file,,4
4884,4872,ASX,NYM,ORD,2022-04-14,,asx_file,,4
4885,4873,ASX,NYR,ORD,2020-01-16,,asx_file,,4
4886,4874,ASX,NZK,ORD,2016-10-19,,asx_file,,4
4887,4875,ASX,NZM,ORD,2016-06-27,,asx_file,,4
4888,4876,ASX,OAK,ORD,2007-06-22,,asx_file,,4
4889,4877,ASX,OB1,ORD,2005-09-15,,asx_file,,4
4890,4878,ASX,OBL,ORD,2000-01-28,,asx_file,,4
4891,4879,ASX,OBM,ORD,2002-10-29,,asx_file,,4
4892,4880,ASX,OCA,ORD,2017-05-05,,asx_file,,4
4893,4881,ASX,OCC,ORD,2014-08-12,,asx_file,,4
4894,4882,ASX,OCL,ORD,2000-08-17,,asx_file,,4
4895,4883,ASX,OCN,ORD,2022-07-01,,asx_file,,4
4896,4884,ASX,OCT,ORD,2022-09-16,,asx_file,,4
4897,4885,ASX,OD6,ORD,2022-06-22,,asx_file,,4
4898,4886,ASX,ODA,ORD,1986-09-15,,asx_file,,4
4899,4887,ASX,ODE,ORD,1986-07-03,,asx_file,,4
4900,4888,ASX,ODY,ORD,2005-11-30,,asx_file,,4
4901,4889,ASX,OEC,ORD,1989-01-24,,asx_file,,4
4902,4890,ASX,OEL,ORD,2004-12-22,,asx_file,,4
4903,4891,ASX,OEQ,ORD,1970-11-19,,asx_file,,4
4904,4892,ASX,OFX,ORD,2013-10-11,,asx_file,,4
4905,4893,ASX,OIL,ORD,1997-08-08,,asx_file,,4
4906,4894,ASX,OKJ,ORD,2008-06-11,,asx_file,,4
4907,4895,ASX,OLH,ORD,1960-06-15,,asx_file,,4
4908,4896,ASX,OLI,ORD,2017-06-21,,asx_file,,4
4909,4897,ASX,OLL,ORD,2019-12-12,,asx_file,,4
4910,4898,ASX,OLY,ORD,2017-09-12,,asx_file,,4
4911,4899,ASX,OM1,ORD,2022-03-02,,asx_file,,4
4912,4900,ASX,OMA,ORD,2022-10-25,,asx_file,,4
4913,4901,ASX,OMG,ORD,2020-08-31,,asx_file,,4
4914,4902,ASX,OMH,ORD,1998-03-12,,asx_file,,4
4915,4903,ASX,OML,ORD,2014-12-17,,asx_file,,4
4916,4904,ASX,OMX,ORD,2021-12-08,,asx_file,,4
4917,4905,ASX,ONE,ORD,2016-03-17,,asx_file,,4
4918,4906,ASX,OPH,ORD,2018-12-19,,asx_file,,4
4919,4907,ASX,OR3,ORD,2011-09-01,,asx_file,,4
4920,4908,ASX,ORA,ORD,2013-12-18,,asx_file,,4
4921,4909,ASX,ORD,ORD,2024-07-19,,asx_file,,4
4922,4910,ASX,ORE,ORD,2025-08-08,,asx_file,,4
4923,4911,ASX,ORG,ORD,1961-07-13,,asx_file,,4
4924,4912,ASX,ORI,ORD,1961-11-28,,asx_file,,4
4925,4913,ASX,ORN,ORD,2003-10-31,,asx_file,,4
4926,4914,ASX,ORP,ORD,1986-01-23,,asx_file,,4
4927,4915,ASX,OSL,ORD,2005-08-15,,asx_file,,4
4928,4916,ASX,OSM,ORD,2022-04-22,,asx_file,,4
4929,4917,ASX,OSX,ORD,2019-09-23,,asx_file,,4
4930,4918,ASX,OVT,ORD,2000-10-12,,asx_file,,4
4931,4919,ASX,OZM,ORD,2021-02-08,,asx_file,,4
4932,4920,ASX,OZZ,ORD,2021-07-05,,asx_file,,4
4933,4921,ASX,P1E,ORD,2013-03-12,,asx_file,,4
4934,4922,ASX,PAB,ORD,2007-07-13,,asx_file,,4
4935,4923,ASX,PAC,ORD,1987-09-25,,asx_file,,4
4936,4924,ASX,PAF,ORD,2026-06-23,,asx_file,,4
4937,4925,ASX,PAR,ORD,2015-08-19,,asx_file,,4
4938,4926,ASX,PAT,ORD,2022-12-09,,asx_file,,4
4939,4927,ASX,PBH,ORD,2019-06-12,,asx_file,,4
4940,4928,ASX,PBL,ORD,2021-11-29,,asx_file,,4
4941,4929,ASX,PC2,ORD,2025-10-21,,asx_file,,4
4942,4930,ASX,PCG,ORD,2001-02-28,,asx_file,,4
4943,4931,ASX,PCI,ORD,2019-05-14,,asx_file,,4
4944,4932,ASX,PCK,ORD,2012-05-01,,asx_file,,4
4945,4933,ASX,PCL,ORD,1986-09-11,,asx_file,,4
4946,4934,ASX,PCX,ORD,2024-06-21,,asx_file,,4
4947,4935,ASX,PDI,ORD,2010-12-01,,asx_file,,4
4948,4936,ASX,PDN,ORD,1994-03-29,,asx_file,,4
4949,4937,ASX,PE1,ORD,2019-04-30,,asx_file,,4
4950,4938,ASX,PEB,ORD,2021-09-27,,asx_file,,4
4951,4939,ASX,PEC,ORD,2013-02-28,,asx_file,,4
4952,4940,ASX,PEN,ORD,1994-05-26,,asx_file,,4
4953,4941,ASX,PER,ORD,2001-12-20,,asx_file,,4
4954,4942,ASX,PET,ORD,2002-08-16,,asx_file,,4
4955,4943,ASX,PFE,ORD,2021-08-05,,asx_file,,4
4956,4944,ASX,PFG,ORD,2004-12-07,,asx_file,,4
4957,4945,ASX,PFM,ORD,2017-11-30,,asx_file,,4
4958,4946,ASX,PFP,ORD,2017-11-23,,asx_file,,4
4959,4947,ASX,PFT,ORD,2005-12-19,,asx_file,,4
4960,4948,ASX,PGC,ORD,1999-10-15,,asx_file,,4
4961,4949,ASX,PGD,ORD,2021-03-31,,asx_file,,4
4962,4950,ASX,PGF,ORD,2013-12-12,,asx_file,,4
4963,4951,ASX,PGL,ORD,1973-05-30,,asx_file,,4
4964,4952,ASX,PGM,ORD,2006-05-29,,asx_file,,4
4965,4953,ASX,PGY,ORD,2006-04-20,,asx_file,,4
4966,4954,ASX,PHO,ORD,2009-12-17,,asx_file,,4
4967,4955,ASX,PHX,ORD,1971-07-28,,asx_file,,4
4968,4956,ASX,PIA,ORD,2004-03-19,,asx_file,,4
4969,4957,ASX,PIC,ORD,2014-12-18,,asx_file,,4
4970,4958,ASX,PIL,ORD,2008-05-29,,asx_file,,4
4971,4959,ASX,PIM,ORD,2022-03-23,,asx_file,,4
4972,4960,ASX,PIQ,ORD,2015-04-16,,asx_file,,4
4973,4961,ASX,PKD,ORD,2017-12-06,,asx_file,,4
4974,4962,ASX,PKO,ORD,2009-12-02,,asx_file,,4
4975,4963,ASX,PKP,ORD,2018-09-21,,asx_file,,4
4976,4964,ASX,PKY,ORD,1996-03-07,,asx_file,,4
4977,4965,ASX,PL3,ORD,2023-03-31,,asx_file,,4
4978,4966,ASX,PL8,ORD,2017-05-05,,asx_file,,4
4979,4967,ASX,PL9,ORD,1971-07-08,,asx_file,,4
4980,4968,ASX,PLA,ORD,2017-09-21,,asx_file,,4
4981,4969,ASX,PLC,ORD,2022-02-11,,asx_file,,4
4982,4970,ASX,PLG,ORD,2021-09-20,,asx_file,,4
4983,4971,ASX,PLS,ORD,2007-09-19,,asx_file,,4
4984,4972,ASX,PLT,ORD,2020-09-23,,asx_file,,4
4985,4973,ASX,PLY,ORD,2020-12-17,,asx_file,,4
4986,4974,ASX,PME,ORD,2000-10-10,,asx_file,,4
4987,4975,ASX,PMM,ORD,2023-09-28,,asx_file,,4
4988,4976,ASX,PMT,ORD,2022-12-07,,asx_file,,4
4989,4977,ASX,PMV,ORD,1987-12-15,,asx_file,,4
4990,4978,ASX,PNC,ORD,2014-05-01,,asx_file,,4
4991,4979,ASX,PNI,ORD,2007-06-19,,asx_file,,4
4992,4980,ASX,PNN,ORD,2005-04-15,,asx_file,,4
4993,4981,ASX,PNR,ORD,1987-05-21,,asx_file,,4
4994,4982,ASX,PNT,ORD,2021-12-10,,asx_file,,4
4995,4983,ASX,PNV,ORD,1998-11-26,,asx_file,,4
4996,4984,ASX,POD,ORD,2018-02-28,,asx_file,,4
4997,4985,ASX,POL,ORD,2021-06-29,,asx_file,,4
4998,4986,ASX,PPC,ORD,2004-08-05,,asx_file,,4
4999,4987,ASX,PPE,ORD,2017-11-22,,asx_file,,4
5000,4988,ASX,PPG,ORD,2005-04-27,,asx_file,,4
5001,4989,ASX,PPK,ORD,1994-12-21,,asx_file,,4
5002,4990,ASX,PPL,ORD,2015-07-29,,asx_file,,4
5003,4991,ASX,PPM,ORD,2021-05-25,,asx_file,,4
5004,4992,ASX,PPS,ORD,2006-05-11,,asx_file,,4
5005,4993,ASX,PPT,ORD,1964-06-24,,asx_file,,4
5006,4994,ASX,PPY,ORD,2005-04-15,,asx_file,,4
5007,4995,ASX,PR1,ORD,2022-04-21,,asx_file,,4
5008,4996,ASX,PR2,ORD,2024-07-15,,asx_file,,4
5009,4997,ASX,PRG,ORD,1987-07-24,,asx_file,,4
5010,4998,ASX,PRM,ORD,1992-01-23,,asx_file,,4
5011,4999,ASX,PRN,ORD,1994-01-06,,asx_file,,4
5012,5000,ASX,PRO,ORD,1998-04-22,,asx_file,,4
5013,5001,ASX,PRU,ORD,2004-09-22,,asx_file,,4
5014,5002,ASX,PRX,ORD,1986-08-21,,asx_file,,4
5015,5003,ASX,PSC,ORD,2009-12-04,,asx_file,,4
5016,5004,ASX,PSL,ORD,2006-10-18,,asx_file,,4
5017,5005,ASX,PTL,ORD,2000-08-29,,asx_file,,4
5018,5006,ASX,PTN,ORD,2013-10-02,,asx_file,,4
5019,5007,ASX,PTR,ORD,2004-07-27,,asx_file,,4
5020,5008,ASX,PTX,ORD,1986-12-19,,asx_file,,4
5021,5009,ASX,PUR,ORD,2008-09-10,,asx_file,,4
5022,5010,ASX,PV1,ORD,2005-03-21,,asx_file,,4
5023,5011,ASX,PVE,ORD,2004-12-14,,asx_file,,4
5024,5012,ASX,PVL,ORD,2016-10-12,,asx_file,,4
5025,5013,ASX,PVT,ORD,2018-07-26,,asx_file,,4
5026,5014,ASX,PWH,ORD,2015-11-18,,asx_file,,4
5027,5015,ASX,PWN,ORD,2011-05-13,,asx_file,,4
5028,5016,ASX,PWR,ORD,2021-04-27,,asx_file,,4
5029,5017,ASX,PXA,ORD,2021-07-01,,asx_file,,4
5030,5018,ASX,PXR,ORD,2003-03-17,,asx_file,,4
5031,5019,ASX,PXX,ORD,2012-12-21,,asx_file,,4
5032,5020,ASX,PYC,ORD,2005-03-30,,asx_file,,4
5033,5021,ASX,QAL,ORD,2021-12-16,,asx_file,,4
5034,5022,ASX,QAN,ORD,1995-07-31,,asx_file,,4
5035,5023,ASX,QBE,ORD,1973-06-28,,asx_file,,4
5036,5024,ASX,QEM,ORD,2018-10-19,,asx_file,,4
5037,5025,ASX,QFE,ORD,2019-07-11,,asx_file,,4
5038,5026,ASX,QGL,ORD,2014-01-06,,asx_file,,4
5039,5027,ASX,QML,ORD,2021-05-06,,asx_file,,4
5040,5028,ASX,QPM,ORD,2008-03-14,,asx_file,,4
5041,5029,ASX,QRI,ORD,2018-11-27,,asx_file,,4
5042,5030,ASX,QUE,ORD,1998-11-11,,asx_file,,4
5043,5031,ASX,QXR,ORD,2011-02-17,,asx_file,,4
5044,5032,ASX,R8R,ORD,2022-07-08,,asx_file,,4
5045,5033,ASX,RAC,ORD,2016-07-13,,asx_file,,4
5046,5034,ASX,RAD,ORD,2021-11-25,,asx_file,,4
5047,5035,ASX,RAG,ORD,2005-03-31,,asx_file,,4
5048,5036,ASX,RAN,ORD,2016-07-22,,asx_file,,4
5049,5037,ASX,RAP,ORD,2021-10-25,,asx_file,,4
5050,5038,ASX,RAS,ORD,2010-07-13,,asx_file,,4
5051,5039,ASX,RAU,ORD,2024-06-14,,asx_file,,4
5052,5040,ASX,RB6,ORD,2021-12-23,,asx_file,,4
5053,5041,ASX,RBR,ORD,2007-02-02,,asx_file,,4
5054,5042,ASX,RBX,ORD,2021-07-12,,asx_file,,4
5055,5043,ASX,RC1,ORD,2003-03-21,,asx_file,,4
5056,5044,ASX,RCE,ORD,2016-01-15,,asx_file,,4
5057,5045,ASX,RCL,ORD,2018-02-07,,asx_file,,4
5058,5046,ASX,RCM,ORD,2021-12-15,,asx_file,,4
5059,5047,ASX,RCR,ORD,2020-12-21,,asx_file,,4
5060,5048,ASX,RCT,ORD,1994-02-11,,asx_file,,4
5061,5049,ASX,RDM,ORD,2003-10-27,,asx_file,,4
5062,5050,ASX,RDN,ORD,1987-03-12,,asx_file,,4
5063,5051,ASX,RDS,ORD,2006-08-03,,asx_file,,4
5064,5052,ASX,RDX,ORD,2023-07-03,,asx_file,,4
5065,5053,ASX,RDY,ORD,2019-04-17,,asx_file,,4
5066,5054,ASX,REA,ORD,1999-12-01,,asx_file,,4
5067,5055,ASX,REC,ORD,2021-10-11,,asx_file,,4
5068,5056,ASX,REE,ORD,2007-07-11,,asx_file,,4
5069,5057,ASX,REG,ORD,2014-10-07,,asx_file,,4
5070,5058,ASX,REH,ORD,1974-01-01,,asx_file,,4
5071,5059,ASX,REM,ORD,2021-11-02,,asx_file,,4
5072,5060,ASX,REP,ORD,2021-10-20,,asx_file,,4
5073,5061,ASX,REV,ORD,2025-09-22,,asx_file,,4
5074,5062,ASX,REZ,ORD,2005-03-11,,asx_file,,4
5075,5063,ASX,RF1,ORD,2019-06-17,,asx_file,,4
5076,5064,ASX,RFF,ORD,2014-02-14,,asx_file,,4
5077,5065,ASX,RFG,ORD,2006-06-22,,asx_file,,4
5078,5066,ASX,RFT,ORD,1994-09-22,,asx_file,,4
5079,5067,ASX,RG1,ORD,2017-09-28,,asx_file,,4
5080,5068,ASX,RG8,ORD,2019-11-13,,asx_file,,4
5081,5069,ASX,RGL,ORD,2017-10-10,,asx_file,,4
5082,5070,ASX,RGN,ORD,2012-11-26,,asx_file,,4
5083,5071,ASX,RGT,ORD,2006-12-21,,asx_file,,4
5084,5072,ASX,RHC,ORD,1997-09-24,,asx_file,,4
5085,5073,ASX,RHI,ORD,2006-02-14,,asx_file,,4
5086,5074,ASX,RHT,ORD,1987-10-23,,asx_file,,4
5087,5075,ASX,RHY,ORD,2017-12-07,,asx_file,,4
5088,5076,ASX,RIC,ORD,1987-08-13,,asx_file,,4
5089,5077,ASX,RIE,ORD,2011-01-31,,asx_file,,4
5090,5078,ASX,RIL,ORD,2003-12-05,,asx_file,,4
5091,5079,ASX,RIM,ORD,1997-03-04,,asx_file,,4
5092,5080,ASX,RIO,ORD,1962-09-19,,asx_file,,4
5093,5081,ASX,RIV,ORD,2016-09-16,,asx_file,,4
5094,5082,ASX,RKB,ORD,2008-06-19,,asx_file,,4
5095,5083,ASX,RKN,ORD,1999-07-19,,asx_file,,4
5096,5084,ASX,RKT,ORD,2018-06-18,,asx_file,,4
5097,5085,ASX,RLC,ORD,2007-06-22,,asx_file,,4
5098,5086,ASX,RLF,ORD,2022-04-21,,asx_file,,4
5099,5087,ASX,RLG,ORD,2016-11-16,,asx_file,,4
5100,5088,ASX,RMC,ORD,2001-03-19,,asx_file,,4
5101,5089,ASX,RMD,ORD,1999-11-25,,asx_file,,4
5102,5090,ASX,RMI,ORD,1985-02-14,,asx_file,,4
5103,5091,ASX,RML,ORD,2017-09-22,,asx_file,,4
5104,5092,ASX,RMS,ORD,2003-03-31,,asx_file,,4
5105,5093,ASX,RMX,ORD,2011-09-01,,asx_file,,4
5106,5094,ASX,RMY,ORD,2018-07-05,,asx_file,,4
5107,5095,ASX,RND,ORD,1985-08-15,,asx_file,,4
5108,5096,ASX,RNT,ORD,1994-05-26,,asx_file,,4
5109,5097,ASX,RNU,ORD,2010-12-15,,asx_file,,4
5110,5098,ASX,RNV,ORD,2024-11-26,,asx_file,,4
5111,5099,ASX,RNX,ORD,2006-11-14,,asx_file,,4
5112,5100,ASX,ROC,ORD,2021-12-07,,asx_file,,4
5113,5101,ASX,ROG,ORD,2007-05-23,,asx_file,,4
5114,5102,ASX,RON,ORD,2021-12-16,,asx_file,,4
5115,5103,ASX,RPL,ORD,2019-06-21,,asx_file,,4
5116,5104,ASX,RPM,ORD,1983-11-10,,asx_file,,4
5117,5105,ASX,RR1,ORD,2002-11-06,,asx_file,,4
5118,5106,ASX,RRE,ORD,2025-10-29,,asx_file,,4
5119,5107,ASX,RRL,ORD,1987-02-19,,asx_file,,4
5120,5108,ASX,RRR,ORD,2021-09-23,,asx_file,,4
5121,5109,ASX,RSG,ORD,1979-01-11,,asx_file,,4
5122,5110,ASX,RTG,ORD,2014-06-05,,asx_file,,4
5123,5111,ASX,RTH,ORD,2021-11-23,,asx_file,,4
5124,5112,ASX,RTR,ORD,2011-07-01,,asx_file,,4
5125,5113,ASX,RVT,ORD,2022-12-13,,asx_file,,4
5126,5114,ASX,RWC,ORD,2016-04-29,,asx_file,,4
5127,5115,ASX,RWD,ORD,1991-12-12,,asx_file,,4
5128,5116,ASX,RWL,ORD,2021-09-02,,asx_file,,4
5129,5117,ASX,RXL,ORD,2004-04-27,,asx_file,,4
5130,5118,ASX,RYD,ORD,2015-09-28,,asx_file,,4
5131,5119,ASX,RYM,ORD,2025-10-01,,asx_file,,4
5132,5120,ASX,RZI,ORD,2018-06-21,,asx_file,,4
5133,5121,ASX,S2R,ORD,2015-10-19,,asx_file,,4
5134,5122,ASX,S32,ORD,2015-05-18,,asx_file,,4
5135,5123,ASX,S66,ORD,2018-05-16,,asx_file,,4
5136,5124,ASX,SAN,ORD,2011-12-15,,asx_file,,4
5137,5125,ASX,SB2,ORD,2021-06-16,,asx_file,,4
5138,5126,ASX,SBM,ORD,1969-05-15,,asx_file,,4
5139,5127,ASX,SBR,ORD,1987-12-17,,asx_file,,4
5140,5128,ASX,SBZ,ORD,1971-08-24,,asx_file,,4
5141,5129,ASX,SCG,ORD,2014-06-25,,asx_file,,4
5142,5130,ASX,SCN,ORD,2007-03-07,,asx_file,,4
5143,5131,ASX,SCP,ORD,2019-02-19,,asx_file,,4
5144,5132,ASX,SDF,ORD,2013-08-02,,asx_file,,4
5145,5133,ASX,SDR,ORD,2021-11-08,,asx_file,,4
5146,5134,ASX,SDV,ORD,2002-05-02,,asx_file,,4
5147,5135,ASX,SEA,ORD,2025-11-26,,asx_file,,4
5148,5136,ASX,SEC,ORD,2017-12-05,,asx_file,,4
5149,5137,ASX,SEG,ORD,2000-11-28,,asx_file,,4
5150,5138,ASX,SEK,ORD,2005-04-19,,asx_file,,4
5151,5139,ASX,SEN,ORD,1984-06-21,,asx_file,,4
5152,5140,ASX,SEQ,ORD,2000-09-19,,asx_file,,4
5153,5141,ASX,SER,ORD,1991-08-15,,asx_file,,4
5154,5142,ASX,SET,ORD,2026-04-17,,asx_file,,4
5155,5143,ASX,SFC,ORD,1974-01-01,,asx_file,,4
5156,5144,ASX,SFG,ORD,1990-06-14,,asx_file,,4
5157,5145,ASX,SFM,ORD,2011-10-07,,asx_file,,4
5158,5146,ASX,SFR,ORD,2004-03-04,,asx_file,,4
5159,5147,ASX,SFX,ORD,2010-12-15,,asx_file,,4
5160,5148,ASX,SGA,ORD,2022-07-18,,asx_file,,4
5161,5149,ASX,SGC,ORD,2012-09-19,,asx_file,,4
5162,5150,ASX,SGH,ORD,2010-04-30,,asx_file,,4
5163,5151,ASX,SGI,ORD,2018-10-02,,asx_file,,4
5164,5152,ASX,SGLLV,ORD,2019-04-08,,asx_file,,4
5165,5153,ASX,SGM,ORD,2005-10-21,,asx_file,,4
5166,5154,ASX,SGP,ORD,1987-02-19,,asx_file,,4
5167,5155,ASX,SGQ,ORD,2010-11-16,,asx_file,,4
5168,5156,ASX,SGR,ORD,2011-06-06,,asx_file,,4
5169,5157,ASX,SHA,ORD,2021-12-17,,asx_file,,4
5170,5158,ASX,SHE,ORD,2000-07-24,,asx_file,,4
5171,5159,ASX,SHG,ORD,2021-02-12,,asx_file,,4
5172,5160,ASX,SHJ,ORD,2013-05-15,,asx_file,,4
5173,5161,ASX,SHL,ORD,1987-04-30,,asx_file,,4
5174,5162,ASX,SHM,ORD,2015-06-23,,asx_file,,4
5175,5163,ASX,SHN,ORD,2002-01-25,,asx_file,,4
5176,5164,ASX,SHO,ORD,2008-06-12,,asx_file,,4
5177,5165,ASX,SHV,ORD,1978-06-15,,asx_file,,4
5178,5166,ASX,SIG,ORD,2002-10-30,,asx_file,,4
5179,5167,ASX,SIO,ORD,2014-11-17,,asx_file,,4
5180,5168,ASX,SIQ,ORD,2014-07-02,,asx_file,,4
5181,5169,ASX,SIS,ORD,2018-02-22,,asx_file,,4
5182,5170,ASX,SIV,ORD,2005-05-31,,asx_file,,4
5183,5171,ASX,SIX,ORD,2008-05-29,,asx_file,,4
5184,5172,ASX,SK1,ORD,2026-05-21,,asx_file,,4
5185,5173,ASX,SKC,ORD,1999-03-29,,asx_file,,4
5186,5174,ASX,SKG,ORD,2023-08-01,,asx_file,,4
5187,5175,ASX,SKK,ORD,2004-06-15,,asx_file,,4
5188,5176,ASX,SKM,ORD,2006-08-16,,asx_file,,4
5189,5177,ASX,SKN,ORD,2017-01-06,,asx_file,,4
5190,5178,ASX,SKO,ORD,2018-06-25,,asx_file,,4
5191,5179,ASX,SKS,ORD,1974-01-01,,asx_file,,4
5192,5180,ASX,SKT,ORD,2005-07-04,,asx_file,,4
5193,5181,ASX,SKY,ORD,2004-03-11,,asx_file,,4
5194,5182,ASX,SLA,ORD,2021-11-17,,asx_file,,4
5195,5183,ASX,SLB,ORD,2022-03-18,,asx_file,,4
5196,5184,ASX,SLC,ORD,2015-06-04,,asx_file,,4
5197,5185,ASX,SLD,ORD,2025-12-05,,asx_file,,4
5198,5186,ASX,SLM,ORD,2021-12-24,,asx_file,,4
5199,5187,ASX,SLS,ORD,2022-05-02,,asx_file,,4
5200,5188,ASX,SLX,ORD,1998-05-07,,asx_file,,4
5201,5189,ASX,SLZ,ORD,2018-08-16,,asx_file,,4
5202,5190,ASX,SM1,ORD,2016-11-25,,asx_file,,4
5203,5191,ASX,SMI,ORD,2013-05-31,,asx_file,,4
5204,5192,ASX,SMM,ORD,2018-08-15,,asx_file,,4
5205,5193,ASX,SMN,ORD,2004-08-16,,asx_file,,4
5206,5194,ASX,SMR,ORD,2009-12-09,,asx_file,,4
5207,5195,ASX,SMS,ORD,2021-10-27,,asx_file,,4
5208,5196,ASX,SMX,ORD,2021-05-07,,asx_file,,4
5209,5197,ASX,SNC,ORD,2013-12-23,,asx_file,,4
5210,5198,ASX,SND,ORD,2007-12-05,,asx_file,,4
5211,5199,ASX,SNG,ORD,2020-10-07,,asx_file,,4
5212,5200,ASX,SNL,ORD,1987-09-10,,asx_file,,4
5213,5201,ASX,SNM,ORD,2025-10-30,,asx_file,,4
5214,5202,ASX,SNS,ORD,2007-05-31,,asx_file,,4
5215,5203,ASX,SNT,ORD,2003-11-10,,asx_file,,4
5216,5204,ASX,SNX,ORD,2022-05-03,,asx_file,,4
5217,5205,ASX,SNZ,ORD,2013-07-18,,asx_file,,4
5218,5206,ASX,SOC,ORD,2022-12-23,,asx_file,,4
5219,5207,ASX,SOL,ORD,1903-01-21,,asx_file,,4
5220,5208,ASX,SOM,ORD,2004-08-27,,asx_file,,4
5221,5209,ASX,SOP,ORD,2013-05-28,,asx_file,,4
5222,5210,ASX,SOR,ORD,2011-08-11,,asx_file,,4
5223,5211,ASX,SP3,ORD,2017-08-01,,asx_file,,4
5224,5212,ASX,SP8,ORD,1971-06-09,,asx_file,,4
5225,5213,ASX,SPA,ORD,2001-07-17,,asx_file,,4
5226,5214,ASX,SPD,ORD,2022-06-08,,asx_file,,4
5227,5215,ASX,SPG,ORD,2012-06-29,,asx_file,,4
5228,5216,ASX,SPK,ORD,1991-08-22,,asx_file,,4
5229,5217,ASX,SPL,ORD,2000-09-28,,asx_file,,4
5230,5218,ASX,SPN,ORD,1986-07-03,,asx_file,,4
5231,5219,ASX,SPQ,ORD,2007-11-12,,asx_file,,4
5232,5220,ASX,SPX,ORD,2002-05-29,,asx_file,,4
5233,5221,ASX,SPZ,ORD,2007-01-09,,asx_file,,4
5234,5222,ASX,SQX,ORD,2023-02-20,,asx_file,,4
5235,5223,ASX,SRG,ORD,2007-08-17,,asx_file,,4
5236,5224,ASX,SRH,ORD,2005-12-15,,asx_file,,4
5237,5225,ASX,SRJ,ORD,2020-09-18,,asx_file,,4
5238,5226,ASX,SRK,ORD,2000-03-07,,asx_file,,4
5239,5227,ASX,SRL,ORD,2007-11-09,,asx_file,,4
5240,5228,ASX,SRN,ORD,1999-06-11,,asx_file,,4
5241,5229,ASX,SRR,ORD,2022-05-02,,asx_file,,4
5242,5230,ASX,SRT,ORD,2021-05-27,,asx_file,,4
5243,5231,ASX,SRV,ORD,1999-12-06,,asx_file,,4
5244,5232,ASX,SRZ,ORD,2005-04-28,,asx_file,,4
5245,5233,ASX,SS1,ORD,2024-05-15,,asx_file,,4
5246,5234,ASX,SSG,ORD,2016-07-01,,asx_file,,4
5247,5235,ASX,SSH,ORD,2021-09-17,,asx_file,,4
5248,5236,ASX,SSL,ORD,1974-01-01,,asx_file,,4
5249,5237,ASX,SSM,ORD,2004-12-09,,asx_file,,4
5250,5238,ASX,SST,ORD,1962-06-30,,asx_file,,4
5251,5239,ASX,STG,ORD,2018-10-22,,asx_file,,4
5252,5240,ASX,STH,ORD,2025-07-10,,asx_file,,4
5253,5241,ASX,STK,ORD,2006-04-06,,asx_file,,4
5254,5242,ASX,STM,ORD,2007-03-22,,asx_file,,4
5255,5243,ASX,STN,ORD,2018-03-09,,asx_file,,4
5256,5244,ASX,STO,ORD,1954-10-01,,asx_file,,4
5257,5245,ASX,STP,ORD,2021-11-01,,asx_file,,4
5258,5246,ASX,STV,ORD,1994-06-30,,asx_file,,4
5259,5247,ASX,STX,ORD,2004-08-05,,asx_file,,4
5260,5248,ASX,SUH,ORD,2010-01-05,,asx_file,,4
5261,5249,ASX,SUL,ORD,2004-07-06,,asx_file,,4
5262,5250,ASX,SUN,ORD,1988-07-07,,asx_file,,4
5263,5251,ASX,SVG,ORD,1987-04-02,,asx_file,,4
5264,5252,ASX,SVL,ORD,2007-01-19,,asx_file,,4
5265,5253,ASX,SVM,ORD,2007-01-22,,asx_file,,4
5266,5254,ASX,SVR,ORD,2006-10-19,,asx_file,,4
5267,5255,ASX,SVY,ORD,2014-05-07,,asx_file,,4
5268,5256,ASX,SWP,ORD,1988-10-06,,asx_file,,4
5269,5257,ASX,SX2,ORD,2025-01-16,,asx_file,,4
5270,5258,ASX,SXE,ORD,2007-11-28,,asx_file,,4
5271,5259,ASX,SXL,ORD,2005-11-17,,asx_file,,4
5272,5260,ASX,SYL,ORD,2024-11-21,,asx_file,,4
5273,5261,ASX,SYR,ORD,2007-09-11,,asx_file,,4
5274,5262,ASX,T3D,ORD,2006-12-27,,asx_file,,4
5275,5263,ASX,T88,ORD,2022-12-19,,asx_file,,4
5276,5264,ASX,T92,ORD,2022-09-08,,asx_file,,4
5277,5265,ASX,TAH,ORD,1994-08-15,,asx_file,,4
5278,5266,ASX,TAL,ORD,2006-06-02,,asx_file,,4
5279,5267,ASX,TAM,ORD,1986-12-11,,asx_file,,4
5280,5268,ASX,TAR,ORD,2012-02-07,,asx_file,,4
5281,5269,ASX,TAS,ORD,2001-12-18,,asx_file,,4
5282,5270,ASX,TAT,ORD,2004-12-17,,asx_file,,4
5283,5271,ASX,TBN,ORD,2021-07-02,,asx_file,,4
5284,5272,ASX,TBR,ORD,1989-05-04,,asx_file,,4
5285,5273,ASX,TCF,ORD,2006-10-17,,asx_file,,4
5286,5274,ASX,TCG,ORD,2008-07-22,,asx_file,,4
5287,5275,ASX,TCL,ORD,1996-03-14,,asx_file,,4
5288,5276,ASX,TCO,ORD,1987-09-17,,asx_file,,4
5289,5277,ASX,TD1,ORD,2004-09-23,,asx_file,,4
5290,5278,ASX,TDO,ORD,2007-05-22,,asx_file,,4
5291,5279,ASX,TEA,ORD,2024-04-29,,asx_file,,4
5292,5280,ASX,TEE,ORD,2022-04-04,,asx_file,,4
5293,5281,ASX,TEG,ORD,2006-01-06,,asx_file,,4
5294,5282,ASX,TEK,ORD,2005-05-10,,asx_file,,4
5295,5283,ASX,TEM,ORD,2017-03-28,,asx_file,,4
5296,5284,ASX,TER,ORD,2010-07-22,,asx_file,,4
5297,5285,ASX,TET,ORD,2026-07-09,,asx_file,,4
5298,5286,ASX,TFL,ORD,1999-12-16,,asx_file,,4
5299,5287,ASX,TG1,ORD,2021-04-07,,asx_file,,4
5300,5288,ASX,TG6,ORD,2022-05-26,,asx_file,,4
5301,5289,ASX,TGF,ORD,2018-10-12,,asx_file,,4
5302,5290,ASX,TGH,ORD,2019-12-11,,asx_file,,4
5303,5291,ASX,TGM,ORD,2011-04-07,,asx_file,,4
5304,5292,ASX,TGN,ORD,2012-12-17,,asx_file,,4
5305,5293,ASX,THL,ORD,2022-12-02,,asx_file,,4
5306,5294,ASX,THR,ORD,2006-09-27,,asx_file,,4
5307,5295,ASX,TIA,ORD,1985-12-11,,asx_file,,4
5308,5296,ASX,TIO,ORD,2025-10-27,,asx_file,,4
5309,5297,ASX,TIP,ORD,2019-05-24,,asx_file,,4
5310,5298,ASX,TKM,ORD,2007-07-05,,asx_file,,4
5311,5299,ASX,TLC,ORD,2022-05-24,,asx_file,,4
5312,5300,ASX,TLG,ORD,2010-07-09,,asx_file,,4
5313,5301,ASX,TLM,ORD,2005-11-25,,asx_file,,4
5314,5302,ASX,TLS,ORD,1997-11-17,,asx_file,,4
5315,5303,ASX,TLX,ORD,2017-11-15,,asx_file,,4
5316,5304,ASX,TM1,ORD,2012-12-20,,asx_file,,4
5317,5305,ASX,TMB,ORD,2021-08-12,,asx_file,,4
5318,5306,ASX,TMK,ORD,2008-07-10,,asx_file,,4
5319,5307,ASX,TML,ORD,2015-09-16,,asx_file,,4
5320,5308,ASX,TMS,ORD,2004-08-17,,asx_file,,4
5321,5309,ASX,TMX,ORD,2006-03-23,,asx_file,,4
5322,5310,ASX,TNC,ORD,2020-11-10,,asx_file,,4
5323,5311,ASX,TNE,ORD,1999-12-08,,asx_file,,4
5324,5312,ASX,TNY,ORD,2017-04-21,,asx_file,,4
5325,5313,ASX,TOK,ORD,2023-11-10,,asx_file,,4
5326,5314,ASX,TON,ORD,2009-08-14,,asx_file,,4
5327,5315,ASX,TOP,ORD,2000-03-22,,asx_file,,4
5328,5316,ASX,TOR,ORD,2021-06-25,,asx_file,,4
5329,5317,ASX,TOT,ORD,2015-04-22,,asx_file,,4
5330,5318,ASX,TOU,ORD,2013-04-09,,asx_file,,4
5331,5319,ASX,TPC,ORD,2007-07-16,,asx_file,,4
5332,5320,ASX,TPG,ORD,2020-06-30,,asx_file,,4
5333,5321,ASX,TPW,ORD,2015-12-10,,asx_file,,4
5334,5322,ASX,TR2,ORD,2025-07-18,,asx_file,,4
5335,5323,ASX,TR8,ORD,2022-01-07,,asx_file,,4
5336,5324,ASX,TRA,ORD,2017-07-28,,asx_file,,4
5337,5325,ASX,TRE,ORD,2022-11-28,,asx_file,,4
5338,5326,ASX,TRI,ORD,2001-01-29,,asx_file,,4
5339,5327,ASX,TRJ,ORD,2021-06-07,,asx_file,,4
5340,5328,ASX,TRM,ORD,2007-04-18,,asx_file,,4
5341,5329,ASX,TRP,ORD,2021-11-18,,asx_file,,4
5342,5330,ASX,TRU,ORD,2021-01-06,,asx_file,,4
5343,5331,ASX,TSK,ORD,2023-06-29,,asx_file,,4
5344,5332,ASX,TSL,ORD,1988-12-22,,asx_file,,4
5345,5333,ASX,TSO,ORD,2004-01-28,,asx_file,,4
5346,5334,ASX,TSR,ORD,2017-01-20,,asx_file,,4
5347,5335,ASX,TTM,ORD,2006-11-15,,asx_file,,4
5348,5336,ASX,TTT,ORD,2017-09-21,,asx_file,,4
5349,5337,ASX,TTX,ORD,2025-06-30,,asx_file,,4
5350,5338,ASX,TUA,ORD,2020-06-30,,asx_file,,4
5351,5339,ASX,TVL,ORD,2021-09-29,,asx_file,,4
5352,5340,ASX,TVN,ORD,1971-02-18,,asx_file,,4
5353,5341,ASX,TWD,ORD,2000-08-14,,asx_file,,4
5354,5342,ASX,TWE,ORD,2011-05-10,,asx_file,,4
5355,5343,ASX,TWL,ORD,2025-12-19,,asx_file,,4
5356,5344,ASX,TWR,ORD,1999-09-28,,asx_file,,4
5357,5345,ASX,TXR,ORD,1985-09-05,,asx_file,,4
5358,5346,ASX,TYR,ORD,2019-12-06,,asx_file,,4
5359,5347,ASX,TYX,ORD,2007-07-11,,asx_file,,4
5360,5348,ASX,TZL,ORD,1987-01-22,,asx_file,,4
5361,5349,ASX,TZN,ORD,2003-12-23,,asx_file,,4
5362,5350,ASX,UBI,ORD,2006-12-13,,asx_file,,4
5363,5351,ASX,UBN,ORD,2014-09-22,,asx_file,,4
5364,5352,ASX,UCM,ORD,2003-12-10,,asx_file,,4
5365,5353,ASX,UM1,ORD,2026-01-12,,asx_file,,4
5366,5354,ASX,UNI,ORD,2020-11-16,,asx_file,,4
5367,5355,ASX,UNT,ORD,1999-12-16,,asx_file,,4
5368,5356,ASX,UOS,ORD,1988-02-17,,asx_file,,4
5369,5357,ASX,URF,ORD,2012-07-23,,asx_file,,4
5370,5358,ASX,USC,ORD,2006-06-27,,asx_file,,4
5371,5359,ASX,USL,ORD,2017-04-19,,asx_file,,4
5372,5360,ASX,USM,ORD,2009-11-12,,asx_file,,4
5373,5361,ASX,UWC,ORD,2015-01-22,,asx_file,,4
5374,5362,ASX,VAL,ORD,2026-03-27,,asx_file,,4
5375,5363,ASX,VAN,ORD,2022-01-28,,asx_file,,4
5376,5364,ASX,VAU,ORD,1996-10-16,,asx_file,,4
5377,5365,ASX,VBC,ORD,2007-12-11,,asx_file,,4
5378,5366,ASX,VBS,ORD,2016-02-23,,asx_file,,4
5379,5367,ASX,VBX,ORD,2025-06-17,,asx_file,,4
5380,5368,ASX,VCX,ORD,2011-12-05,,asx_file,,4
5381,5369,ASX,VEA,ORD,2018-07-13,,asx_file,,4
5382,5370,ASX,VEE,ORD,2016-10-26,,asx_file,,4
5383,5371,ASX,VEN,ORD,2018-09-17,,asx_file,,4
5384,5372,ASX,VFX,ORD,2015-06-09,,asx_file,,4
5385,5373,ASX,VFY,ORD,2024-11-26,,asx_file,,4
5386,5374,ASX,VGL,ORD,2014-08-11,,asx_file,,4
5387,5375,ASX,VGN,ORD,2025-06-24,,asx_file,,4
5388,5376,ASX,VHL,ORD,2000-07-14,,asx_file,,4
5389,5377,ASX,VHM,ORD,2023-01-09,,asx_file,,4
5390,5378,ASX,VIG,ORD,2014-05-09,,asx_file,,4
5391,5379,ASX,VIT,ORD,2019-11-07,,asx_file,,4
5392,5380,ASX,VKA,ORD,2010-05-12,,asx_file,,4
5393,5381,ASX,VLS,ORD,2007-08-23,,asx_file,,4
5394,5382,ASX,VMC,ORD,2007-06-12,,asx_file,,4
5395,5383,ASX,VML,ORD,2005-10-11,,asx_file,,4
5396,5384,ASX,VMM,ORD,2022-01-24,,asx_file,,4
5397,5385,ASX,VMS,ORD,1986-08-14,,asx_file,,4
5398,5386,ASX,VMT,ORD,2002-01-31,,asx_file,,4
5399,5387,ASX,VNL,ORD,2010-09-21,,asx_file,,4
5400,5388,ASX,VNT,ORD,2021-11-19,,asx_file,,4
5401,5389,ASX,VPR,ORD,1991-04-18,,asx_file,,4
5402,5390,ASX,VR1,ORD,2017-03-17,,asx_file,,4
5403,5391,ASX,VR8,ORD,2017-11-03,,asx_file,,4
5404,5392,ASX,VRC,ORD,2003-12-19,,asx_file,,4
5405,5393,ASX,VRL,ORD,2008-01-18,,asx_file,,4
5406,5394,ASX,VRS,ORD,2008-06-25,,asx_file,,4
5407,5395,ASX,VRX,ORD,2011-02-24,,asx_file,,4
5408,5396,ASX,VSL,ORD,2021-11-04,,asx_file,,4
5409,5397,ASX,VSR,ORD,2011-01-21,,asx_file,,4
5410,5398,ASX,VTA,ORD,2021-03-16,,asx_file,,4
5411,5399,ASX,VTM,ORD,2021-07-22,,asx_file,,4
5412,5400,ASX,VTX,ORD,2022-01-17,,asx_file,,4
5413,5401,ASX,VUL,ORD,2018-05-30,,asx_file,,4
5414,5402,ASX,VVA,ORD,2019-06-07,,asx_file,,4
5415,5403,ASX,VYS,ORD,2007-12-14,,asx_file,,4
5416,5404,ASX,W2V,ORD,2021-09-17,,asx_file,,4
5417,5405,ASX,WA1,ORD,2022-02-08,,asx_file,,4
5418,5406,ASX,WAA,ORD,2008-01-11,,asx_file,,4
5419,5407,ASX,WAF,ORD,2010-06-11,,asx_file,,4
5420,5408,ASX,WAG,ORD,2024-02-16,,asx_file,,4
5421,5409,ASX,WAK,ORD,2020-11-26,,asx_file,,4
5422,5410,ASX,WAM,ORD,1999-08-12,,asx_file,,4
5423,5411,ASX,WAR,ORD,2021-06-28,,asx_file,,4
5424,5412,ASX,WAT,ORD,1989-03-23,,asx_file,,4
5425,5413,ASX,WAU,ORD,2004-05-12,,asx_file,,4
5426,5414,ASX,WAX,ORD,2003-08-19,,asx_file,,4
5427,5415,ASX,WBC,ORD,1970-07-18,,asx_file,,4
5428,5416,ASX,WBT,ORD,2010-12-21,,asx_file,,4
5429,5417,ASX,WC1,ORD,2021-10-01,,asx_file,,4
5430,5418,ASX,WC8,ORD,2004-08-04,,asx_file,,4
5431,5419,ASX,WCE,ORD,2020-12-14,,asx_file,,4
5432,5420,ASX,WCN,ORD,2007-12-14,,asx_file,,4
5433,5421,ASX,WDS,ORD,1971-11-18,,asx_file,,4
5434,5422,ASX,WEB,ORD,1997-11-19,,asx_file,,4
5435,5423,ASX,WEC,ORD,1999-07-23,,asx_file,,4
5436,5424,ASX,WEL,ORD,2014-09-23,,asx_file,,4
5437,5425,ASX,WES,ORD,1984-11-15,,asx_file,,4
5438,5426,ASX,WGB,ORD,2018-06-22,,asx_file,,4
5439,5427,ASX,WGN,ORD,2017-12-08,,asx_file,,4
5440,5428,ASX,WGR,ORD,2021-07-23,,asx_file,,4
5441,5429,ASX,WGX,ORD,2016-12-06,,asx_file,,4
5442,5430,ASX,WHC,ORD,2007-06-01,,asx_file,,4
5443,5431,ASX,WHF,ORD,1971-08-02,,asx_file,,4
5444,5432,ASX,WHI,ORD,2024-12-11,,asx_file,,4
5445,5433,ASX,WHK,ORD,2018-01-24,,asx_file,,4
5446,5434,ASX,WIA,ORD,2011-03-09,,asx_file,,4
5447,5435,ASX,WIN,ORD,2021-09-22,,asx_file,,4
5448,5436,ASX,WJL,ORD,2024-09-23,,asx_file,,4
5449,5437,ASX,WLE,ORD,2016-05-30,,asx_file,,4
5450,5438,ASX,WMA,ORD,2014-06-16,,asx_file,,4
5451,5439,ASX,WMG,ORD,2021-07-20,,asx_file,,4
5452,5440,ASX,WMI,ORD,2017-06-28,,asx_file,,4
5453,5441,ASX,WMX,ORD,2025-04-30,,asx_file,,4
5454,5442,ASX,WNR,ORD,1990-01-31,,asx_file,,4
5455,5443,ASX,WNX,ORD,2017-03-15,,asx_file,,4
5456,5444,ASX,WOA,ORD,2018-07-06,,asx_file,,4
5457,5445,ASX,WOR,ORD,2002-11-28,,asx_file,,4
5458,5446,ASX,WOT,ORD,2011-10-28,,asx_file,,4
5459,5447,ASX,WOW,ORD,1993-07-12,,asx_file,,4
5460,5448,ASX,WPR,ORD,2016-08-03,,asx_file,,4
5461,5449,ASX,WQG,ORD,2017-06-23,,asx_file,,4
5462,5450,ASX,WRK,ORD,2016-12-19,,asx_file,,4
5463,5451,ASX,WRX,ORD,2022-08-05,,asx_file,,4
5464,5452,ASX,WSI,ORD,2006-06-07,,asx_file,,4
5465,5453,ASX,WSR,ORD,2020-12-17,,asx_file,,4
5466,5454,ASX,WTC,ORD,2016-04-11,,asx_file,,4
5467,5455,ASX,WTL,ORD,2015-03-09,,asx_file,,4
5468,5456,ASX,WTM,ORD,2012-10-29,,asx_file,,4
5469,5457,ASX,WTN,ORD,2021-12-17,,asx_file,,4
5470,5458,ASX,WWG,ORD,2018-10-31,,asx_file,,4
5471,5459,ASX,WWI,ORD,2007-12-19,,asx_file,,4
5472,5460,ASX,WYX,ORD,2007-05-25,,asx_file,,4
5473,5461,ASX,WZR,ORD,1989-03-16,,asx_file,,4
5474,5462,ASX,X2M,ORD,2021-09-22,,asx_file,,4
5475,5463,ASX,XEN,ORD,2011-12-07,,asx_file,,4
5476,5464,ASX,XF1,ORD,2007-04-18,,asx_file,,4
5477,5465,ASX,XGL,ORD,2015-07-06,,asx_file,,4
5478,5466,ASX,XPD,ORD,1997-08-29,,asx_file,,4
5479,5467,ASX,XPN,ORD,2021-12-16,,asx_file,,4
5480,5468,ASX,XRA,ORD,2017-04-06,,asx_file,,4
5481,5469,ASX,XRF,ORD,2006-10-31,,asx_file,,4
5482,5470,ASX,XRG,ORD,2013-01-18,,asx_file,,4
5483,5471,ASX,XRO,ORD,2012-11-08,,asx_file,,4
5484,5472,ASX,XST,ORD,1988-01-14,,asx_file,,4
5485,5473,ASX,XYZ,ORD,2022-01-20,,asx_file,,4
5486,5474,ASX,YAL,ORD,2012-06-28,,asx_file,,4
5487,5475,ASX,YAR,ORD,2006-06-19,,asx_file,,4
5488,5476,ASX,YOJ,ORD,2010-12-02,,asx_file,,4
5489,5477,ASX,YOW,ORD,1999-09-15,,asx_file,,4
5490,5478,ASX,YRL,ORD,2018-12-14,,asx_file,,4
5491,5479,ASX,YUG,ORD,2021-10-21,,asx_file,,4
5492,5480,ASX,ZAG,ORD,2010-08-23,,asx_file,,4
5493,5481,ASX,ZEO,ORD,2009-10-16,,asx_file,,4
5494,5482,ASX,ZEU,ORD,2013-01-21,,asx_file,,4
5495,5483,ASX,ZGL,ORD,1970-11-12,,asx_file,,4
5496,5484,ASX,ZIM,ORD,1998-10-15,,asx_file,,4
5497,5485,ASX,ZIP,ORD,2009-12-09,,asx_file,,4
5498,5486,ASX,ZLD,ORD,2003-07-28,,asx_file,,4
5499,5487,ASX,ZMI,ORD,2007-09-18,,asx_file,,4
5500,5488,ASX,ZMM,ORD,2007-09-10,,asx_file,,4
5501,5489,ASX,ZNC,ORD,2007-05-29,,asx_file,,4
5502,5490,ASX,ZNO,ORD,1988-07-21,,asx_file,,4
