entity_id,listed_from,listed_to,delist_reason,source_doc_id,source_load_id
3661,2025-12-11,,,,4
3662,2018-09-12,,,,4
3663,2016-08-22,,,,4
3664,2022-05-18,,,,4
3665,2004-09-01,,,,4
3666,2017-04-28,,,,4
3667,2001-01-08,,,,4
3668,2015-07-09,,,,4
3669,2021-07-02,,,,4
3670,2019-05-10,,,,4
3671,2019-12-06,,,,4
3672,2008-03-27,,,,4
3673,2014-07-09,,,,4
3674,2026-03-31,,,,4
3675,2010-12-09,,,,4
3676,2020-08-07,,,,4
3677,2021-01-29,,,,4
3678,1999-12-14,,,,4
3679,2025-12-04,,,,4
3680,2000-01-20,,,,4
3681,2014-08-27,,,,4
3682,2014-12-17,,,,4
3683,2022-09-26,,,,4
3684,1993-11-04,,,,4
3685,1992-05-07,,,,4
3686,2015-03-31,,,,4
3687,2016-08-16,,,,4
3688,2007-10-22,,,,4
3689,2021-05-13,,,,4
3690,2025-09-10,,,,4
3691,2001-08-10,,,,4
3692,2024-07-24,,,,4
3693,2010-07-23,,,,4
3694,2024-06-28,,,,4
3695,2017-03-08,,,,4
3696,2004-01-07,,,,4
3697,1986-11-13,,,,4
3698,1993-11-25,,,,4
3699,2020-10-16,,,,4
3700,2021-12-06,,,,4
3701,2002-11-14,,,,4
3702,2017-10-17,,,,4
3703,2002-05-28,,,,4
3704,2009-12-24,,,,4
3705,2020-10-23,,,,4
3706,2023-01-12,,,,4
3707,2008-06-27,,,,4
3708,2021-05-14,,,,4
3709,2023-07-03,,,,4
3710,2011-07-06,,,,4
3711,2014-05-01,,,,4
3712,2004-09-29,,,,4
3713,2005-08-26,,,,4
3714,2003-12-05,,,,4
3715,2007-10-16,,,,4
3716,2016-06-23,,,,4
3717,2017-06-30,,,,4
3718,2023-01-17,,,,4
3719,1992-02-06,,,,4
3720,2015-06-17,,,,4
3721,1996-09-17,,,,4
3722,2000-04-07,,,,4
3723,2015-08-26,,,,4
3724,1987-12-17,,,,4
3725,1987-01-29,,,,4
3726,1983-12-01,,,,4
3727,2006-05-30,,,,4
3728,2002-12-17,,,,4
3729,2022-05-03,,,,4
3730,2000-09-12,,,,4
3731,2002-03-13,,,,4
3732,2025-12-24,,,,4
3733,2015-04-01,,,,4
3734,2004-11-22,,,,4
3735,2006-10-10,,,,4
3736,1985-05-29,,,,4
3737,2015-05-22,,,,4
3738,1962-06-30,,,,4
3739,2003-09-19,,,,4
3740,2015-12-22,,,,4
3741,2021-01-20,,,,4
3742,1997-04-18,,,,4
3743,2011-02-03,,,,4
3744,2001-12-17,,,,4
3745,2006-10-12,,,,4
3746,2021-06-11,,,,4
3747,2008-02-13,,,,4
3748,1997-04-03,,,,4
3749,2004-09-24,,,,4
3750,2011-05-26,,,,4
3751,2006-06-30,,,,4
3752,2011-05-09,,,,4
3753,2022-09-30,,,,4
3754,2006-11-22,,,,4
3755,2020-11-10,,,,4
3756,1999-02-22,,,,4
3757,2025-10-31,,,,4
3758,2021-08-02,,,,4
3759,2020-09-15,,,,4
3760,2005-05-08,,,,4
3761,2011-02-02,,,,4
3762,2006-04-11,,,,4
3763,2026-07-02,,,,4
3764,1997-10-01,,,,4
3765,1999-08-10,,,,4
3766,1999-12-22,,,,4
3767,2011-03-31,,,,4
3768,1977-06-01,,,,4
3769,2007-02-06,,,,4
3770,2007-10-29,,,,4
3771,2020-12-15,,,,4
3772,2020-04-20,,,,4
3773,2002-01-24,,,,4
3774,2021-04-30,,,,4
3775,2011-06-24,,,,4
3776,1980-12-31,,,,4
3777,2015-07-03,,,,4
3778,1980-10-07,,,,4
3779,1996-07-09,,,,4
3780,2007-04-18,,,,4
3781,1952-07-18,,,,4
3782,2012-02-01,,,,4
3783,2026-07-31,,,,4
3784,2021-10-20,,,,4
3785,2010-01-25,,,,4
3786,2007-11-26,,,,4
3787,2007-03-21,,,,4
3788,2021-10-18,,,,4
3789,2021-06-25,,,,4
3790,2006-08-31,,,,4
3791,1969-08-28,,,,4
3792,2005-10-28,,,,4
3793,2000-02-10,,,,4
3794,2007-05-08,,,,4
3795,2007-10-09,,,,4
3796,2004-12-10,,,,4
3797,1998-06-15,,,,4
3798,2018-12-28,,,,4
3799,2007-08-10,,,,4
3800,2019-12-10,,,,4
3801,2005-12-09,,,,4
3802,2004-03-09,,,,4
3803,1985-08-22,,,,4
3804,2005-02-24,,,,4
3805,2014-10-16,,,,4
3806,2004-06-15,,,,4
3807,1969-09-30,,,,4
3808,2009-03-31,,,,4
3809,2005-10-11,,,,4
3810,2007-10-31,,,,4
3811,1962-06-30,,,,4
3812,2000-06-13,,,,4
3813,2011-12-20,,,,4
3814,1957-04-17,,,,4
3815,2004-09-30,,,,4
3816,2004-12-17,,,,4
3817,2015-01-07,,,,4
3818,1991-04-11,,,,4
3819,1999-12-17,,,,4
3820,2003-11-25,,,,4
3821,2021-07-27,,,,4
3822,2004-09-09,,,,4
3823,2011-12-20,,,,4
3824,2021-11-03,,,,4
3825,2021-07-01,,,,4
3826,2018-09-21,,,,4
3827,1982-10-12,,,,4
3828,1987-06-26,,,,4
3829,2000-04-14,,,,4
3830,2008-04-03,,,,4
3831,2013-06-13,,,,4
3832,1963-03-31,,,,4
3833,2005-12-21,,,,4
3834,2017-02-09,,,,4
3835,2018-09-13,,,,4
3836,1987-08-20,,,,4
3837,2011-02-17,,,,4
3838,2021-03-23,,,,4
3839,2003-11-05,,,,4
3840,2007-03-16,,,,4
3841,2020-07-24,,,,4
3842,1987-08-13,,,,4
3843,2021-07-07,,,,4
3844,1998-12-08,,,,4
3845,2016-11-16,,,,4
3846,2014-08-21,,,,4
3847,2021-09-30,,,,4
3848,2020-07-30,,,,4
3849,2010-07-08,,,,4
3850,2000-04-27,,,,4
3851,2007-10-22,,,,4
3852,2013-12-02,,,,4
3853,1998-10-14,,,,4
3854,2020-04-16,,,,4
3855,2019-10-03,,,,4
3856,2021-12-22,,,,4
3857,2010-01-27,,,,4
3858,2016-05-16,,,,4
3859,2000-03-28,,,,4
3860,1999-08-09,,,,4
3861,1993-12-31,,,,4
3862,1983-11-11,,,,4
3863,2016-07-25,,,,4
3864,2021-09-15,,,,4
3865,2021-10-20,,,,4
3866,2013-12-23,,,,4
3867,2007-12-18,,,,4
3868,2021-05-18,,,,4
3869,2005-11-16,,,,4
3870,2009-12-16,,,,4
3871,2021-11-02,,,,4
3872,2023-05-25,,,,4
3873,1974-01-01,,,,4
3874,2007-05-24,,,,4
3875,2001-03-15,,,,4
3876,1990-08-23,,,,4
3877,2001-09-28,,,,4
3878,2012-12-18,,,,4
3879,2015-05-11,,,,4
3880,2021-12-17,,,,4
3881,1993-08-09,,,,4
3882,1992-03-26,,,,4
3883,2020-06-24,,,,4
3884,2007-02-21,,,,4
3885,2007-12-20,,,,4
3886,2004-03-24,,,,4
3887,2013-01-09,,,,4
3888,2021-12-13,,,,4
3889,2021-02-12,,,,4
3890,2004-07-07,,,,4
3891,2018-02-14,,,,4
3892,2007-08-14,,,,4
3893,1997-01-31,,,,4
3894,2024-07-23,,,,4
3895,1980-08-21,,,,4
3896,2006-07-20,,,,4
3897,2026-07-09,,,,4
3898,2021-11-26,,,,4
3899,2011-09-19,,,,4
3900,2011-07-06,,,,4
3901,2017-09-29,,,,4
3902,2009-12-24,,,,4
3903,2010-11-22,,,,4
3904,2011-04-20,,,,4
3905,2022-01-17,,,,4
3906,2026-01-30,,,,4
3907,2014-04-24,,,,4
3908,2004-09-30,,,,4
3909,2024-04-04,,,,4
3910,2012-05-22,,,,4
3911,1989-05-12,,,,4
3912,2015-10-14,,,,4
3913,2021-07-02,,,,4
3914,2018-01-30,,,,4
3915,2021-05-05,,,,4
3916,1986-11-06,,,,4
3917,2006-12-15,,,,4
3918,2011-01-11,,,,4
3919,2005-08-12,,,,4
3920,2006-10-20,,,,4
3921,2013-01-04,,,,4
3922,2021-07-21,,,,4
3923,1986-11-07,,,,4
3924,1985-12-19,,,,4
3925,1999-12-17,,,,4
3926,2015-12-11,,,,4
3927,2021-10-08,,,,4
3928,2007-12-12,,,,4
3929,2021-05-25,,,,4
3930,2011-08-19,,,,4
3931,2021-06-28,,,,4
3932,2022-10-06,,,,4
3933,2005-12-20,,,,4
3934,2017-07-20,,,,4
3935,2017-11-29,,,,4
3936,2017-05-12,,,,4
3937,2025-12-02,,,,4
3938,2022-07-28,,,,4
3939,1885-08-13,,,,4
3940,2022-06-28,,,,4
3941,2021-11-30,,,,4
3942,2003-06-23,,,,4
3943,2001-01-24,,,,4
3944,2023-09-12,,,,4
3945,2003-12-12,,,,4
3946,2003-12-10,,,,4
3947,2003-09-16,,,,4
3948,2006-09-22,,,,4
3949,2000-12-14,,,,4
3950,1994-10-13,,,,4
3951,2014-04-15,,,,4
3952,1996-09-12,,,,4
3953,2025-07-14,,,,4
3954,2020-11-04,,,,4
3955,2025-12-12,,,,4
3956,2015-06-19,,,,4
3957,2004-07-15,,,,4
3958,2021-07-14,,,,4
3959,2005-04-28,,,,4
3960,2021-09-03,,,,4
3961,2019-06-06,,,,4
3962,1994-11-24,,,,4
3963,2010-12-20,,,,4
3964,2020-12-23,,,,4
3965,2012-10-11,,,,4
3966,1970-12-31,,,,4
3967,2007-07-25,,,,4
3968,2003-10-14,,,,4
3969,1971-08-24,,,,4
3970,1985-01-24,,,,4
3971,2000-06-13,,,,4
3972,2025-11-25,,,,4
3973,2004-08-06,,,,4
3974,2020-12-30,,,,4
3975,1996-12-13,,,,4
3976,1972-06-30,,,,4
3977,2023-12-21,,,,4
3978,1999-05-25,,,,4
3979,2017-05-01,,,,4
3980,2005-10-31,,,,4
3981,2013-06-21,,,,4
3982,2011-11-09,,,,4
3983,2008-09-01,,,,4
3984,2011-07-01,,,,4
3985,1999-11-15,,,,4
3986,2002-07-15,,,,4
3987,2022-10-04,,,,4
3988,2026-04-16,,,,4
3989,2026-06-10,,,,4
3990,2017-01-23,,,,4
3991,2000-08-29,,,,4
3992,2022-07-14,,,,4
3993,2014-11-21,,,,4
3994,1984-08-30,,,,4
3995,2007-07-04,,,,4
3996,2021-07-06,,,,4
3997,2003-12-05,,,,4
3998,1993-10-05,,,,4
3999,2021-07-07,,,,4
4000,2022-10-13,,,,4
4001,2007-10-23,,,,4
4002,2002-02-05,,,,4
4003,2022-05-25,,,,4
4004,2016-11-16,,,,4
4005,2011-10-21,,,,4
4006,2024-07-30,,,,4
4007,1998-09-16,,,,4
4008,2006-11-27,,,,4
4009,2021-12-01,,,,4
4010,2021-11-03,,,,4
4011,2022-05-06,,,,4
4012,2010-10-21,,,,4
4013,1986-11-20,,,,4
4014,2005-05-20,,,,4
4015,2002-06-25,,,,4
4016,2004-02-03,,,,4
4017,2017-05-04,,,,4
4018,2005-07-25,,,,4
4019,2009-09-10,,,,4
4020,2014-12-19,,,,4
4021,2007-03-15,,,,4
4022,2010-06-15,,,,4
4023,2003-10-31,,,,4
4024,1991-09-12,,,,4
4025,2020-01-31,,,,4
4026,2020-12-07,,,,4
4027,2021-08-11,,,,4
4028,2019-03-07,,,,4
4029,2006-07-31,,,,4
4030,2023-10-27,,,,4
4031,2016-06-30,,,,4
4032,1993-10-26,,,,4
4033,2017-12-21,,,,4
4034,2024-11-25,,,,4
4035,1994-01-20,,,,4
4036,2018-12-20,,,,4
4037,2000-09-04,,,,4
4038,2020-10-27,,,,4
4039,1997-02-07,,,,4
4040,1998-05-28,,,,4
4041,2012-08-14,,,,4
4042,2013-04-09,,,,4
4043,2016-07-27,,,,4
4044,2003-11-27,,,,4
4045,2005-03-07,,,,4
4046,2006-12-05,,,,4
4047,2021-11-19,,,,4
4048,1996-11-28,,,,4
4049,2021-06-23,,,,4
4050,2006-05-02,,,,4
4051,2018-11-30,,,,4
4052,2007-11-07,,,,4
4053,2015-09-24,,,,4
4054,2001-12-18,,,,4
4055,2018-01-23,,,,4
4056,2003-12-23,,,,4
4057,2000-09-08,,,,4
4058,2023-10-18,,,,4
4059,2004-02-13,,,,4
4060,2005-06-10,,,,4
4061,2025-12-19,,,,4
4062,2021-06-28,,,,4
4063,2021-01-18,,,,4
4064,2006-03-24,,,,4
4065,2021-07-09,,,,4
4066,2023-07-05,,,,4
4067,2007-06-08,,,,4
4068,1970-06-30,,,,4
4069,2012-12-13,,,,4
4070,2000-12-15,,,,4
4071,2000-04-17,,,,4
4072,2011-08-04,,,,4
4073,1996-09-09,,,,4
4074,1988-03-24,,,,4
4075,2021-12-02,,,,4
4076,2020-12-09,,,,4
4077,1999-11-30,,,,4
4078,2016-11-08,,,,4
4079,1987-12-02,,,,4
4080,2013-05-24,,,,4
4081,2025-11-05,,,,4
4082,2013-09-19,,,,4
4083,2006-08-10,,,,4
4084,2022-09-27,,,,4
4085,1984-08-16,,,,4
4086,2008-07-07,,,,4
4087,2022-01-31,,,,4
4088,2000-12-21,,,,4
4089,1973-02-22,,,,4
4090,2022-01-18,,,,4
4091,2016-08-30,,,,4
4092,2005-05-25,,,,4
4093,2002-03-26,,,,4
4094,2007-06-18,,,,4
4095,2021-07-02,,,,4
4096,2011-11-21,,,,4
4097,2017-02-02,,,,4
4098,2020-10-28,,,,4
4099,2014-12-10,,,,4
4100,2003-01-28,,,,4
4101,1995-12-04,,,,4
4102,2004-04-16,,,,4
4103,2018-11-21,,,,4
4104,2020-01-24,,,,4
4105,2023-08-22,,,,4
4106,2008-01-31,,,,4
4107,2013-09-02,,,,4
4108,2021-11-19,,,,4
4109,2020-11-25,,,,4
4110,2021-09-10,,,,4
4111,1994-05-27,,,,4
4112,2018-05-25,,,,4
4113,2003-05-22,,,,4
4114,1995-11-15,,,,4
4115,2005-11-09,,,,4
4116,2018-07-30,,,,4
4117,1998-12-17,,,,4
4118,2007-03-16,,,,4
4119,2022-10-27,,,,4
4120,2006-09-22,,,,4
4121,2018-10-23,,,,4
4122,2010-12-03,,,,4
4123,2018-12-05,,,,4
4124,2024-02-02,,,,4
4125,1994-06-08,,,,4
4126,2020-02-14,,,,4
4127,2020-10-23,,,,4
4128,1987-10-08,,,,4
4129,2010-12-15,,,,4
4130,2002-05-09,,,,4
4131,1989-01-12,,,,4
4132,2010-02-18,,,,4
4133,1993-12-23,,,,4
4134,2006-03-07,,,,4
4135,2022-01-10,,,,4
4136,2026-07-23,,,,4
4137,2020-12-18,,,,4
4138,2021-08-25,,,,4
4139,1995-12-11,,,,4
4140,2005-10-13,,,,4
4141,1988-11-23,,,,4
4142,2010-12-22,,,,4
4143,2001-02-13,,,,4
4144,2023-08-23,,,,4
4145,1985-06-27,,,,4
4146,2018-06-22,,,,4
4147,1984-08-16,,,,4
4148,2022-06-17,,,,4
4149,2006-11-03,,,,4
4150,2003-12-11,,,,4
4151,1994-08-31,,,,4
4152,2005-05-03,,,,4
4153,2018-07-20,,,,4
4154,2011-02-11,,,,4
4155,2005-01-28,,,,4
4156,1974-01-01,,,,4
4157,2018-01-15,,,,4
4158,2020-12-14,,,,4
4159,2007-01-18,,,,4
4160,1966-01-27,,,,4
4161,2006-07-26,,,,4
4162,1985-04-26,,,,4
4163,2007-12-20,,,,4
4164,2007-11-21,,,,4
4165,1991-04-18,,,,4
4166,2005-06-30,,,,4
4167,2006-08-29,,,,4
4168,2024-05-13,,,,4
4169,2011-09-22,,,,4
4170,2020-12-14,,,,4
4171,2021-09-28,,,,4
4172,2018-02-08,,,,4
4173,2020-12-08,,,,4
4174,2021-10-12,,,,4
4175,1989-02-06,,,,4
4176,2011-01-24,,,,4
4177,2005-01-12,,,,4
4178,2021-04-12,,,,4
4179,2017-04-07,,,,4
4180,2022-12-16,,,,4
4181,2000-10-03,,,,4
4182,1987-09-04,,,,4
4183,2021-05-24,,,,4
4184,2003-08-21,,,,4
4185,2024-12-13,,,,4
4186,1995-06-28,,,,4
4187,2014-08-04,,,,4
4188,2017-11-03,,,,4
4189,2026-06-23,,,,4
4190,2020-12-18,,,,4
4191,2013-10-22,,,,4
4192,2005-05-16,,,,4
4193,2025-03-04,,,,4
4194,2003-07-28,,,,4
4195,2020-12-04,,,,4
4196,1990-12-20,,,,4
4197,2025-09-18,,,,4
4198,2006-10-31,,,,4
4199,2016-06-22,,,,4
4200,2020-10-23,,,,4
4201,2005-06-22,,,,4
4202,2020-11-02,,,,4
4203,2025-10-21,,,,4
4204,1997-12-23,,,,4
4205,2007-05-10,,,,4
4206,2011-06-23,,,,4
4207,2007-12-13,,,,4
4208,2000-06-30,,,,4
4209,2020-08-12,,,,4
4210,2021-11-10,,,,4
4211,2020-11-04,,,,4
4212,2013-12-11,,,,4
4213,2007-04-27,,,,4
4214,2017-11-15,,,,4
4215,1993-02-04,,,,4
4216,2017-07-27,,,,4
4217,2013-12-03,,,,4
4218,2018-04-11,,,,4
4219,2004-10-06,,,,4
4220,1985-12-19,,,,4
4221,2023-01-16,,,,4
4222,2006-11-09,,,,4
4223,2021-10-07,,,,4
4224,2011-10-13,,,,4
4225,2013-12-06,,,,4
4226,2021-11-24,,,,4
4227,2020-09-25,,,,4
4228,1993-04-22,,,,4
4229,2014-08-14,,,,4
4230,1986-03-13,,,,4
4231,1986-02-05,,,,4
4232,2006-06-06,,,,4
4233,2004-06-25,,,,4
4234,2021-06-24,,,,4
4235,2011-09-16,,,,4
4236,2008-05-16,,,,4
4237,2007-07-31,,,,4
4238,2023-04-11,,,,4
4239,2026-02-26,,,,4
4240,2004-04-30,,,,4
4241,2004-07-01,,,,4
4242,1981-02-12,,,,4
4243,2010-10-29,,,,4
4244,1992-10-22,,,,4
4245,2006-07-28,,,,4
4246,2010-12-17,,,,4
4247,1985-10-23,,,,4
4248,1981-06-30,,,,4
4249,2017-06-08,,,,4
4250,2009-12-23,,,,4
4251,2004-03-30,,,,4
4252,2018-03-16,,,,4
4253,2018-08-29,,,,4
4254,2021-10-13,,,,4
4255,1974-01-01,,,,4
4256,2006-10-18,,,,4
4257,2020-02-12,,,,4
4258,2005-09-09,,,,4
4259,2012-07-19,,,,4
4260,2006-01-18,,,,4
4261,2018-10-02,,,,4
4262,1987-06-05,,,,4
4263,1994-07-22,,,,4
4264,2010-10-26,,,,4
4265,2008-02-27,,,,4
4266,2018-12-13,,,,4
4267,2023-12-19,,,,4
4268,2018-12-18,,,,4
4269,2006-03-24,,,,4
4270,2007-06-20,,,,4
4271,2007-04-13,,,,4
4272,2007-01-15,,,,4
4273,2000-10-23,,,,4
4274,2025-12-01,,,,4
4275,2011-02-17,,,,4
4276,2017-05-04,,,,4
4277,2021-05-12,,,,4
4278,2010-02-23,,,,4
4279,2006-06-06,,,,4
4280,1985-08-06,,,,4
4281,2025-12-18,,,,4
4282,1987-05-14,,,,4
4283,1980-11-19,,,,4
4284,2020-09-18,,,,4
4285,2020-12-04,,,,4
4286,2006-03-29,,,,4
4287,2007-02-01,,,,4
4288,2012-09-07,,,,4
4289,2012-05-09,,,,4
4290,2006-06-20,,,,4
4291,2010-12-02,,,,4
4292,2021-11-16,,,,4
4293,2025-09-23,,,,4
4294,2004-04-08,,,,4
4295,2018-01-19,,,,4
4296,2002-08-20,,,,4
4297,2014-12-05,,,,4
4298,1994-12-07,,,,4
4299,1962-06-30,,,,4
4300,1985-04-26,,,,4
4301,1988-12-08,,,,4
4302,2018-01-08,,,,4
4303,2015-03-27,,,,4
4304,2004-07-19,,,,4
4305,2007-01-03,,,,4
4306,1987-10-12,,,,4
4307,1971-08-02,,,,4
4308,2021-03-03,,,,4
4309,2021-12-22,,,,4
4310,1986-01-23,,,,4
4311,1970-01-01,,,,4
4312,2001-02-08,,,,4
4313,2001-03-26,,,,4
4314,2023-11-30,,,,4
4315,2019-08-16,,,,4
4316,2011-05-11,,,,4
4317,2026-07-09,,,,4
4318,2022-04-08,,,,4
4319,2016-08-26,,,,4
4320,2022-03-28,,,,4
4321,2013-04-30,,,,4
4322,2008-08-04,,,,4
4323,1995-11-23,,,,4
4324,1987-01-15,,,,4
4325,2005-09-21,,,,4
4326,2021-06-17,,,,4
4327,2015-09-10,,,,4
4328,1999-01-05,,,,4
4329,1994-08-08,,,,4
4330,1997-03-06,,,,4
4331,2009-12-18,,,,4
4332,2017-01-16,,,,4
4333,2015-02-09,,,,4
4334,1989-11-02,,,,4
4335,2000-02-21,,,,4
4336,2007-12-18,,,,4
4337,2020-10-08,,,,4
4338,2013-11-15,,,,4
4339,1995-12-01,,,,4
4340,2021-01-12,,,,4
4341,2007-08-16,,,,4
4342,1987-03-19,,,,4
4343,2000-09-13,,,,4
4344,2013-10-08,,,,4
4345,2010-11-30,,,,4
4346,2001-08-08,,,,4
4347,2024-04-12,,,,4
4348,2006-12-21,,,,4
4349,2021-06-07,,,,4
4350,2017-03-22,,,,4
4351,2001-11-21,,,,4
4352,2015-04-22,,,,4
4353,2021-03-18,,,,4
4354,2022-01-28,,,,4
4355,1994-08-05,,,,4
4356,1997-12-19,,,,4
4357,2021-09-30,,,,4
4358,2023-09-14,,,,4
4359,2015-06-16,,,,4
4360,2001-01-11,,,,4
4361,2000-12-20,,,,4
4362,2021-04-21,,,,4
4363,2024-11-22,,,,4
4364,2003-04-09,,,,4
4365,1987-04-15,,,,4
4366,2022-01-31,,,,4
4367,1998-03-04,,,,4
4368,2010-08-05,,,,4
4369,1986-07-17,,,,4
4370,2021-08-06,,,,4
4371,1967-09-21,,,,4
4372,2017-06-19,,,,4
4373,1986-06-30,,,,4
4374,2018-05-29,,,,4
4375,2000-12-14,,,,4
4376,2017-10-10,,,,4
4377,2005-12-09,,,,4
4378,2006-04-21,,,,4
4379,2007-10-24,,,,4
4380,2016-11-18,,,,4
4381,2015-08-21,,,,4
4382,2018-05-25,,,,4
4383,2007-11-15,,,,4
4384,1996-03-27,,,,4
4385,2015-07-02,,,,4
4386,2007-12-11,,,,4
4387,2013-12-17,,,,4
4388,2023-08-25,,,,4
4389,2025-10-29,,,,4
4390,1986-12-04,,,,4
4391,2007-12-05,,,,4
4392,2021-03-10,,,,4
4393,2009-10-27,,,,4
4394,2006-05-16,,,,4
4395,2025-10-08,,,,4
4396,1971-07-28,,,,4
4397,1998-03-20,,,,4
4398,2025-06-24,,,,4
4399,2025-10-31,,,,4
4400,2024-12-16,,,,4
4401,2023-01-13,,,,4
4402,2008-07-01,,,,4
4403,2021-05-06,,,,4
4404,2001-05-24,,,,4
4405,2005-12-14,,,,4
4406,2025-07-03,,,,4
4407,2000-04-04,,,,4
4408,1996-02-15,,,,4
4409,2011-06-08,,,,4
4410,1994-06-29,,,,4
4411,2007-08-02,,,,4
4412,2005-02-02,,,,4
4413,1971-08-02,,,,4
4414,2011-09-02,,,,4
4415,1998-03-30,,,,4
4416,2014-04-17,,,,4
4417,2011-04-19,,,,4
4418,2008-03-05,,,,4
4419,2020-12-14,,,,4
4420,1962-07-31,,,,4
4421,2007-07-04,,,,4
4422,2006-05-09,,,,4
4423,1971-04-01,,,,4
4424,2021-10-26,,,,4
4425,2023-11-10,,,,4
4426,2022-01-04,,,,4
4427,2019-12-18,,,,4
4428,1986-03-27,,,,4
4429,2026-07-31,,,,4
4430,1971-07-28,,,,4
4431,1993-09-06,,,,4
4432,2018-11-08,,,,4
4433,2011-04-14,,,,4
4434,2015-03-31,,,,4
4435,2021-11-10,,,,4
4436,2011-05-17,,,,4
4437,2007-06-05,,,,4
4438,1987-07-30,,,,4
4439,2008-07-17,,,,4
4440,2014-06-25,,,,4
4441,2016-06-01,,,,4
4442,1980-06-19,,,,4
4443,2016-09-15,,,,4
4444,2014-07-21,,,,4
4445,2005-10-20,,,,4
4446,1993-05-20,,,,4
4447,2004-12-24,,,,4
4448,2024-06-20,,,,4
4449,1980-12-04,,,,4
4450,2004-03-10,,,,4
4451,2022-04-26,,,,4
4452,2022-01-27,,,,4
4453,2008-02-20,,,,4
4454,2002-03-21,,,,4
4455,1986-07-03,,,,4
4456,2022-10-25,,,,4
4457,2010-05-03,,,,4
4458,2005-09-15,,,,4
4459,2004-02-26,,,,4
4460,2021-09-06,,,,4
4461,2020-11-23,,,,4
4462,2010-10-20,,,,4
4463,2012-02-07,,,,4
4464,2017-01-12,,,,4
4465,2018-11-01,,,,4
4466,1994-07-22,,,,4
4467,2007-11-14,,,,4
4468,2021-06-16,,,,4
4469,2000-04-17,,,,4
4470,2014-05-20,,,,4
4471,2000-09-13,,,,4
4472,1998-07-03,,,,4
4473,1986-05-22,,,,4
4474,2018-11-14,,,,4
4475,2019-10-14,,,,4
4476,2018-12-12,,,,4
4477,2021-11-05,,,,4
4478,2021-05-11,,,,4
4479,2003-02-25,,,,4
4480,2020-11-19,,,,4
4481,2010-07-29,,,,4
4482,2021-12-14,,,,4
4483,2020-11-12,,,,4
4484,2007-03-30,,,,4
4485,2022-08-24,,,,4
4486,2016-12-21,,,,4
4487,2000-06-01,,,,4
4488,1999-06-24,,,,4
4489,2023-01-23,,,,4
4490,2007-07-05,,,,4
4491,2006-12-12,,,,4
4492,1987-09-03,,,,4
4493,2021-09-14,,,,4
4494,2017-06-09,,,,4
4495,2020-12-01,,,,4
4496,2001-05-11,,,,4
4497,2005-12-14,,,,4
4498,1981-06-30,,,,4
4499,2015-12-02,,,,4
4500,2024-01-15,,,,4
4501,2000-08-08,,,,4
4502,1987-01-14,,,,4
4503,1987-04-02,,,,4
4504,2001-06-07,,,,4
4505,2017-06-22,,,,4
4506,2019-12-23,,,,4
4507,2021-04-14,,,,4
4508,2020-05-25,,,,4
4509,2006-07-31,,,,4
4510,2018-10-17,,,,4
4511,1986-07-17,,,,4
4512,1991-02-18,,,,4
4513,2015-10-21,,,,4
4514,2015-11-26,,,,4
4515,1993-03-11,,,,4
4516,2004-08-10,,,,4
4517,2025-06-25,,,,4
4518,2010-08-30,,,,4
4519,2022-04-07,,,,4
4520,2015-12-16,,,,4
4521,1997-01-16,,,,4
4522,2002-01-17,,,,4
4523,1991-04-18,,,,4
4524,2016-11-21,,,,4
4525,2021-04-13,,,,4
4526,2023-06-30,,,,4
4527,1962-06-30,,,,4
4528,2002-07-04,,,,4
4529,1994-03-03,,,,4
4530,1999-04-30,,,,4
4531,1987-09-24,,,,4
4532,2005-12-14,,,,4
4533,2021-12-22,,,,4
4534,1988-06-23,,,,4
4535,2019-08-30,,,,4
4536,1993-11-24,,,,4
4537,2004-07-01,,,,4
4538,2021-07-13,,,,4
4539,2011-04-15,,,,4
4540,2016-11-07,,,,4
4541,2007-12-19,,,,4
4542,2005-04-21,,,,4
4543,2003-11-18,,,,4
4544,2005-04-21,,,,4
4545,2011-07-26,,,,4
4546,1971-07-28,,,,4
4547,2007-10-24,,,,4
4548,2021-12-17,,,,4
4549,2014-11-19,,,,4
4550,2006-11-29,,,,4
4551,2018-04-16,,,,4
4552,2008-06-12,,,,4
4553,2000-11-03,,,,4
4554,2000-12-13,,,,4
4555,2017-03-30,,,,4
4556,2021-10-21,,,,4
4557,1999-10-22,,,,4
4558,2004-03-19,,,,4
4559,2007-04-03,,,,4
4560,2010-02-15,,,,4
4561,2012-01-19,,,,4
4562,2019-07-05,,,,4
4563,1999-12-10,,,,4
4564,2007-12-18,,,,4
4565,2000-09-12,,,,4
4566,2008-01-30,,,,4
4567,2012-10-09,,,,4
4568,2018-01-29,,,,4
4569,2003-10-23,,,,4
4570,2000-12-08,,,,4
4571,2021-11-01,,,,4
4572,1995-02-13,,,,4
4573,2001-10-15,,,,4
4574,1972-06-14,,,,4
4575,2002-07-11,,,,4
4576,2018-04-18,,,,4
4577,2021-05-14,,,,4
4578,2002-09-12,,,,4
4579,2003-11-12,,,,4
4580,1986-12-17,,,,4
4581,2021-11-17,,,,4
4582,2007-11-29,,,,4
4583,2026-05-07,,,,4
4584,2004-06-08,,,,4
4585,2005-12-23,,,,4
4586,2020-02-28,,,,4
4587,1999-12-23,,,,4
4588,2021-03-30,,,,4
4589,1988-04-21,,,,4
4590,2007-04-26,,,,4
4591,2020-12-11,,,,4
4592,2005-03-17,,,,4
4593,2016-07-07,,,,4
4594,2026-03-30,,,,4
4595,2019-11-21,,,,4
4596,2011-07-21,,,,4
4597,2022-02-10,,,,4
4598,1997-03-06,,,,4
4599,2013-10-16,,,,4
4600,2022-02-11,,,,4
4601,2024-01-08,,,,4
4602,2009-11-13,,,,4
4603,2003-08-15,,,,4
4604,2021-09-28,,,,4
4605,2022-06-14,,,,4
4606,2021-08-24,,,,4
4607,2015-09-09,,,,4
4608,2026-03-31,,,,4
4609,2022-05-04,,,,4
4610,1970-09-17,,,,4
4611,2017-11-07,,,,4
4612,2017-06-21,,,,4
4613,1971-08-02,,,,4
4614,2007-12-07,,,,4
4615,2007-09-21,,,,4
4616,1971-08-25,,,,4
4617,2015-07-30,,,,4
4618,1987-03-05,,,,4
4619,2012-12-28,,,,4
4620,2026-05-18,,,,4
4621,2014-07-11,,,,4
4622,2015-09-08,,,,4
4623,2017-01-16,,,,4
4624,2007-05-23,,,,4
4625,2022-11-22,,,,4
4626,2005-10-25,,,,4
4627,2013-04-30,,,,4
4628,2007-12-13,,,,4
4629,1994-07-05,,,,4
4630,2007-12-17,,,,4
4631,1987-03-06,,,,4
4632,2007-10-02,,,,4
4633,2008-07-08,,,,4
4634,2021-07-02,,,,4
4635,2021-07-05,,,,4
4636,2019-12-06,,,,4
4637,1995-08-25,,,,4
4638,2021-05-19,,,,4
4639,1991-09-05,,,,4
4640,2025-06-27,,,,4
4641,2020-12-15,,,,4
4642,2021-04-20,,,,4
4643,2026-05-26,,,,4
4644,2026-04-24,,,,4
4645,2022-10-04,,,,4
4646,2021-09-13,,,,4
4647,2020-02-20,,,,4
4648,2003-11-20,,,,4
4649,1998-12-15,,,,4
4650,2000-03-02,,,,4
4651,1972-02-15,,,,4
4652,2021-09-28,,,,4
4653,2007-10-30,,,,4
4654,2001-08-29,,,,4
4655,1985-12-05,,,,4
4656,2021-07-08,,,,4
4657,1962-06-30,,,,4
4658,2021-07-06,,,,4
4659,2023-03-29,,,,4
4660,2021-06-16,,,,4
4661,1986-12-18,,,,4
4662,2007-03-09,,,,4
4663,2024-03-15,,,,4
4664,2025-06-27,,,,4
4665,2023-05-22,,,,4
4666,2009-02-18,,,,4
4667,2014-12-18,,,,4
4668,2011-10-11,,,,4
4669,2022-04-26,,,,4
4670,2022-04-07,,,,4
4671,2003-11-12,,,,4
4672,2003-07-17,,,,4
4673,2018-03-22,,,,4
4674,2021-12-06,,,,4
4675,1971-07-28,,,,4
4676,2018-04-24,,,,4
4677,2007-12-21,,,,4
4678,2013-03-13,,,,4
4679,2023-12-11,,,,4
4680,2006-12-27,,,,4
4681,2011-10-19,,,,4
4682,2026-07-17,,,,4
4683,2014-12-05,,,,4
4684,1986-09-11,,,,4
4685,2004-12-17,,,,4
4686,2021-02-05,,,,4
4687,2021-09-10,,,,4
4688,2020-10-22,,,,4
4689,2021-07-29,,,,4
4690,1987-01-16,,,,4
4691,2022-04-13,,,,4
4692,2005-11-30,,,,4
4693,2008-01-15,,,,4
4694,2025-03-05,,,,4
4695,2019-10-01,,,,4
4696,2017-04-10,,,,4
4697,2017-05-19,,,,4
4698,1983-12-01,,,,4
4699,2018-04-30,,,,4
4700,1987-05-29,,,,4
4701,2022-04-05,,,,4
4702,1999-09-27,,,,4
4703,2005-04-20,,,,4
4704,1998-03-27,,,,4
4705,2026-02-06,,,,4
4706,2004-08-27,,,,4
4707,2011-03-02,,,,4
4708,2025-04-02,,,,4
4709,2011-03-30,,,,4
4710,1980-04-24,,,,4
4711,1996-11-21,,,,4
4712,1962-06-30,,,,4
4713,2013-05-10,,,,4
4714,2010-12-16,,,,4
4715,2004-12-08,,,,4
4716,2017-05-03,,,,4
4717,2020-10-27,,,,4
4718,2004-07-16,,,,4
4719,1999-12-21,,,,4
4720,2004-12-23,,,,4
4721,2007-05-14,,,,4
4722,2007-11-21,,,,4
4723,2022-06-07,,,,4
4724,2013-10-29,,,,4
4725,2016-11-30,,,,4
4726,2006-12-19,,,,4
4727,2004-07-01,,,,4
4728,2022-07-06,,,,4
4729,2020-12-04,,,,4
4730,1983-07-07,,,,4
4731,1999-06-16,,,,4
4732,2006-04-06,,,,4
4733,1987-04-23,,,,4
4734,1976-02-12,,,,4
4735,2008-01-29,,,,4
4736,2016-07-07,,,,4
4737,2020-11-19,,,,4
4738,2024-12-20,,,,4
4739,2021-10-12,,,,4
4740,2006-07-28,,,,4
4741,2019-12-06,,,,4
4742,2001-06-28,,,,4
4743,2020-07-14,,,,4
4744,2025-12-11,,,,4
4745,2021-05-04,,,,4
4746,1986-01-23,,,,4
4747,2004-08-26,,,,4
4748,2021-09-07,,,,4
4749,2021-03-22,,,,4
4750,2022-04-29,,,,4
4751,2019-12-12,,,,4
4752,2009-12-04,,,,4
4753,2022-05-02,,,,4
4754,2006-05-29,,,,4
4755,2004-03-15,,,,4
4756,2010-10-18,,,,4
4757,2024-10-30,,,,4
4758,1991-03-28,,,,4
4759,2026-02-25,,,,4
4760,2026-07-24,,,,4
4761,2018-11-07,,,,4
4762,1987-01-15,,,,4
4763,2019-04-29,,,,4
4764,2022-07-01,,,,4
4765,2015-12-17,,,,4
4766,2022-03-16,,,,4
4767,2014-11-25,,,,4
4768,2014-07-30,,,,4
4769,1974-01-01,,,,4
4770,2012-11-01,,,,4
4771,2014-11-28,,,,4
4772,2007-11-05,,,,4
4773,2017-03-15,,,,4
4774,2004-09-15,,,,4
4775,2024-10-16,,,,4
4776,2011-06-08,,,,4
4777,2011-11-11,,,,4
4778,1992-02-06,,,,4
4779,2019-05-07,,,,4
4780,2004-12-16,,,,4
4781,2012-01-17,,,,4
4782,1993-02-11,,,,4
4783,2011-08-02,,,,4
4784,2017-02-24,,,,4
4785,2002-11-18,,,,4
4786,2000-07-11,,,,4
4787,2021-07-15,,,,4
4788,2016-04-29,,,,4
4789,2005-04-08,,,,4
4790,2014-06-26,,,,4
4791,2016-06-14,,,,4
4792,2003-12-15,,,,4
4793,2015-12-22,,,,4
4794,1994-12-07,,,,4
4795,2011-05-09,,,,4
4796,2017-10-09,,,,4
4797,2010-05-07,,,,4
4798,1986-10-30,,,,4
4799,2009-11-02,,,,4
4800,2009-09-10,,,,4
4801,2007-06-29,,,,4
4802,2016-03-18,,,,4
4803,1962-01-31,,,,4
4804,2014-11-12,,,,4
4805,1994-02-18,,,,4
4806,2006-06-23,,,,4
4807,2007-05-17,,,,4
4808,2022-01-19,,,,4
4809,2017-10-18,,,,4
4810,2013-02-26,,,,4
4811,2004-05-26,,,,4
4812,2023-10-16,,,,4
4813,2013-12-06,,,,4
4814,2023-10-27,,,,4
4815,2017-12-07,,,,4
4816,2005-02-03,,,,4
4817,2022-03-22,,,,4
4818,2010-12-14,,,,4
4819,2007-12-28,,,,4
4820,2006-04-28,,,,4
4821,2020-10-30,,,,4
4822,2023-06-16,,,,4
4823,1987-01-15,,,,4
4824,2008-10-30,,,,4
4825,2003-09-16,,,,4
4826,2022-04-08,,,,4
4827,2007-11-05,,,,4
4828,2026-07-07,,,,4
4829,2018-08-20,,,,4
4830,2021-11-22,,,,4
4831,2007-12-06,,,,4
4832,2001-03-22,,,,4
4833,2020-11-16,,,,4
4834,2002-07-10,,,,4
4835,2022-06-01,,,,4
4836,2021-07-22,,,,4
4837,1995-06-27,,,,4
4838,1985-11-07,,,,4
4839,2016-01-18,,,,4
4840,2016-08-09,,,,4
4841,2011-04-11,,,,4
4842,2017-11-15,,,,4
4843,2005-03-17,,,,4
4844,2016-05-12,,,,4
4845,2018-07-27,,,,4
4846,2004-03-25,,,,4
4847,2020-09-24,,,,4
4848,2003-12-17,,,,4
4849,2017-12-15,,,,4
4850,2016-11-04,,,,4
4851,1993-12-22,,,,4
4852,2006-11-15,,,,4
4853,2019-12-09,,,,4
4854,1988-11-10,,,,4
4855,2001-10-05,,,,4
4856,1987-06-11,,,,4
4857,2023-09-11,,,,4
4858,2018-12-13,,,,4
4859,2018-11-30,,,,4
4860,2015-12-02,,,,4
4861,2007-09-05,,,,4
4862,2017-11-20,,,,4
4863,2018-11-29,,,,4
4864,2013-06-19,,,,4
4865,2017-01-11,,,,4
4866,2009-08-24,,,,4
4867,2021-07-02,,,,4
4868,2020-12-04,,,,4
4869,2007-02-23,,,,4
4870,2025-10-14,,,,4
4871,2010-12-13,,,,4
4872,2022-04-14,,,,4
4873,2020-01-16,,,,4
4874,2016-10-19,,,,4
4875,2016-06-27,,,,4
4876,2007-06-22,,,,4
4877,2005-09-15,,,,4
4878,2000-01-28,,,,4
4879,2002-10-29,,,,4
4880,2017-05-05,,,,4
4881,2014-08-12,,,,4
4882,2000-08-17,,,,4
4883,2022-07-01,,,,4
4884,2022-09-16,,,,4
4885,2022-06-22,,,,4
4886,1986-09-15,,,,4
4887,1986-07-03,,,,4
4888,2005-11-30,,,,4
4889,1989-01-24,,,,4
4890,2004-12-22,,,,4
4891,1970-11-19,,,,4
4892,2013-10-11,,,,4
4893,1997-08-08,,,,4
4894,2008-06-11,,,,4
4895,1960-06-15,,,,4
4896,2017-06-21,,,,4
4897,2019-12-12,,,,4
4898,2017-09-12,,,,4
4899,2022-03-02,,,,4
4900,2022-10-25,,,,4
4901,2020-08-31,,,,4
4902,1998-03-12,,,,4
4903,2014-12-17,,,,4
4904,2021-12-08,,,,4
4905,2016-03-17,,,,4
4906,2018-12-19,,,,4
4907,2011-09-01,,,,4
4908,2013-12-18,,,,4
4909,2024-07-19,,,,4
4910,2025-08-08,,,,4
4911,1961-07-13,,,,4
4912,1961-11-28,,,,4
4913,2003-10-31,,,,4
4914,1986-01-23,,,,4
4915,2005-08-15,,,,4
4916,2022-04-22,,,,4
4917,2019-09-23,,,,4
4918,2000-10-12,,,,4
4919,2021-02-08,,,,4
4920,2021-07-05,,,,4
4921,2013-03-12,,,,4
4922,2007-07-13,,,,4
4923,1987-09-25,,,,4
4924,2026-06-23,,,,4
4925,2015-08-19,,,,4
4926,2022-12-09,,,,4
4927,2019-06-12,,,,4
4928,2021-11-29,,,,4
4929,2025-10-21,,,,4
4930,2001-02-28,,,,4
4931,2019-05-14,,,,4
4932,2012-05-01,,,,4
4933,1986-09-11,,,,4
4934,2024-06-21,,,,4
4935,2010-12-01,,,,4
4936,1994-03-29,,,,4
4937,2019-04-30,,,,4
4938,2021-09-27,,,,4
4939,2013-02-28,,,,4
4940,1994-05-26,,,,4
4941,2001-12-20,,,,4
4942,2002-08-16,,,,4
4943,2021-08-05,,,,4
4944,2004-12-07,,,,4
4945,2017-11-30,,,,4
4946,2017-11-23,,,,4
4947,2005-12-19,,,,4
4948,1999-10-15,,,,4
4949,2021-03-31,,,,4
4950,2013-12-12,,,,4
4951,1973-05-30,,,,4
4952,2006-05-29,,,,4
4953,2006-04-20,,,,4
4954,2009-12-17,,,,4
4955,1971-07-28,,,,4
4956,2004-03-19,,,,4
4957,2014-12-18,,,,4
4958,2008-05-29,,,,4
4959,2022-03-23,,,,4
4960,2015-04-16,,,,4
4961,2017-12-06,,,,4
4962,2009-12-02,,,,4
4963,2018-09-21,,,,4
4964,1996-03-07,,,,4
4965,2023-03-31,,,,4
4966,2017-05-05,,,,4
4967,1971-07-08,,,,4
4968,2017-09-21,,,,4
4969,2022-02-11,,,,4
4970,2021-09-20,,,,4
4971,2007-09-19,,,,4
4972,2020-09-23,,,,4
4973,2020-12-17,,,,4
4974,2000-10-10,,,,4
4975,2023-09-28,,,,4
4976,2022-12-07,,,,4
4977,1987-12-15,,,,4
4978,2014-05-01,,,,4
4979,2007-06-19,,,,4
4980,2005-04-15,,,,4
4981,1987-05-21,,,,4
4982,2021-12-10,,,,4
4983,1998-11-26,,,,4
4984,2018-02-28,,,,4
4985,2021-06-29,,,,4
4986,2004-08-05,,,,4
4987,2017-11-22,,,,4
4988,2005-04-27,,,,4
4989,1994-12-21,,,,4
4990,2015-07-29,,,,4
4991,2021-05-25,,,,4
4992,2006-05-11,,,,4
4993,1964-06-24,,,,4
4994,2005-04-15,,,,4
4995,2022-04-21,,,,4
4996,2024-07-15,,,,4
4997,1987-07-24,,,,4
4998,1992-01-23,,,,4
4999,1994-01-06,,,,4
5000,1998-04-22,,,,4
5001,2004-09-22,,,,4
5002,1986-08-21,,,,4
5003,2009-12-04,,,,4
5004,2006-10-18,,,,4
5005,2000-08-29,,,,4
5006,2013-10-02,,,,4
5007,2004-07-27,,,,4
5008,1986-12-19,,,,4
5009,2008-09-10,,,,4
5010,2005-03-21,,,,4
5011,2004-12-14,,,,4
5012,2016-10-12,,,,4
5013,2018-07-26,,,,4
5014,2015-11-18,,,,4
5015,2011-05-13,,,,4
5016,2021-04-27,,,,4
5017,2021-07-01,,,,4
5018,2003-03-17,,,,4
5019,2012-12-21,,,,4
5020,2005-03-30,,,,4
5021,2021-12-16,,,,4
5022,1995-07-31,,,,4
5023,1973-06-28,,,,4
5024,2018-10-19,,,,4
5025,2019-07-11,,,,4
5026,2014-01-06,,,,4
5027,2021-05-06,,,,4
5028,2008-03-14,,,,4
5029,2018-11-27,,,,4
5030,1998-11-11,,,,4
5031,2011-02-17,,,,4
5032,2022-07-08,,,,4
5033,2016-07-13,,,,4
5034,2021-11-25,,,,4
5035,2005-03-31,,,,4
5036,2016-07-22,,,,4
5037,2021-10-25,,,,4
5038,2010-07-13,,,,4
5039,2024-06-14,,,,4
5040,2021-12-23,,,,4
5041,2007-02-02,,,,4
5042,2021-07-12,,,,4
5043,2003-03-21,,,,4
5044,2016-01-15,,,,4
5045,2018-02-07,,,,4
5046,2021-12-15,,,,4
5047,2020-12-21,,,,4
5048,1994-02-11,,,,4
5049,2003-10-27,,,,4
5050,1987-03-12,,,,4
5051,2006-08-03,,,,4
5052,2023-07-03,,,,4
5053,2019-04-17,,,,4
5054,1999-12-01,,,,4
5055,2021-10-11,,,,4
5056,2007-07-11,,,,4
5057,2014-10-07,,,,4
5058,1974-01-01,,,,4
5059,2021-11-02,,,,4
5060,2021-10-20,,,,4
5061,2025-09-22,,,,4
5062,2005-03-11,,,,4
5063,2019-06-17,,,,4
5064,2014-02-14,,,,4
5065,2006-06-22,,,,4
5066,1994-09-22,,,,4
5067,2017-09-28,,,,4
5068,2019-11-13,,,,4
5069,2017-10-10,,,,4
5070,2012-11-26,,,,4
5071,2006-12-21,,,,4
5072,1997-09-24,,,,4
5073,2006-02-14,,,,4
5074,1987-10-23,,,,4
5075,2017-12-07,,,,4
5076,1987-08-13,,,,4
5077,2011-01-31,,,,4
5078,2003-12-05,,,,4
5079,1997-03-04,,,,4
5080,1962-09-19,,,,4
5081,2016-09-16,,,,4
5082,2008-06-19,,,,4
5083,1999-07-19,,,,4
5084,2018-06-18,,,,4
5085,2007-06-22,,,,4
5086,2022-04-21,,,,4
5087,2016-11-16,,,,4
5088,2001-03-19,,,,4
5089,1999-11-25,,,,4
5090,1985-02-14,,,,4
5091,2017-09-22,,,,4
5092,2003-03-31,,,,4
5093,2011-09-01,,,,4
5094,2018-07-05,,,,4
5095,1985-08-15,,,,4
5096,1994-05-26,,,,4
5097,2010-12-15,,,,4
5098,2024-11-26,,,,4
5099,2006-11-14,,,,4
5100,2021-12-07,,,,4
5101,2007-05-23,,,,4
5102,2021-12-16,,,,4
5103,2019-06-21,,,,4
5104,1983-11-10,,,,4
5105,2002-11-06,,,,4
5106,2025-10-29,,,,4
5107,1987-02-19,,,,4
5108,2021-09-23,,,,4
5109,1979-01-11,,,,4
5110,2014-06-05,,,,4
5111,2021-11-23,,,,4
5112,2011-07-01,,,,4
5113,2022-12-13,,,,4
5114,2016-04-29,,,,4
5115,1991-12-12,,,,4
5116,2021-09-02,,,,4
5117,2004-04-27,,,,4
5118,2015-09-28,,,,4
5119,2025-10-01,,,,4
5120,2018-06-21,,,,4
5121,2015-10-19,,,,4
5122,2015-05-18,,,,4
5123,2018-05-16,,,,4
5124,2011-12-15,,,,4
5125,2021-06-16,,,,4
5126,1969-05-15,,,,4
5127,1987-12-17,,,,4
5128,1971-08-24,,,,4
5129,2014-06-25,,,,4
5130,2007-03-07,,,,4
5131,2019-02-19,,,,4
5132,2013-08-02,,,,4
5133,2021-11-08,,,,4
5134,2002-05-02,,,,4
5135,2025-11-26,,,,4
5136,2017-12-05,,,,4
5137,2000-11-28,,,,4
5138,2005-04-19,,,,4
5139,1984-06-21,,,,4
5140,2000-09-19,,,,4
5141,1991-08-15,,,,4
5142,2026-04-17,,,,4
5143,1974-01-01,,,,4
5144,1990-06-14,,,,4
5145,2011-10-07,,,,4
5146,2004-03-04,,,,4
5147,2010-12-15,,,,4
5148,2022-07-18,,,,4
5149,2012-09-19,,,,4
5150,2010-04-30,,,,4
5151,2018-10-02,,,,4
5152,2019-04-08,,,,4
5153,2005-10-21,,,,4
5154,1987-02-19,,,,4
5155,2010-11-16,,,,4
5156,2011-06-06,,,,4
5157,2021-12-17,,,,4
5158,2000-07-24,,,,4
5159,2021-02-12,,,,4
5160,2013-05-15,,,,4
5161,1987-04-30,,,,4
5162,2015-06-23,,,,4
5163,2002-01-25,,,,4
5164,2008-06-12,,,,4
5165,1978-06-15,,,,4
5166,2002-10-30,,,,4
5167,2014-11-17,,,,4
5168,2014-07-02,,,,4
5169,2018-02-22,,,,4
5170,2005-05-31,,,,4
5171,2008-05-29,,,,4
5172,2026-05-21,,,,4
5173,1999-03-29,,,,4
5174,2023-08-01,,,,4
5175,2004-06-15,,,,4
5176,2006-08-16,,,,4
5177,2017-01-06,,,,4
5178,2018-06-25,,,,4
5179,1974-01-01,,,,4
5180,2005-07-04,,,,4
5181,2004-03-11,,,,4
5182,2021-11-17,,,,4
5183,2022-03-18,,,,4
5184,2015-06-04,,,,4
5185,2025-12-05,,,,4
5186,2021-12-24,,,,4
5187,2022-05-02,,,,4
5188,1998-05-07,,,,4
5189,2018-08-16,,,,4
5190,2016-11-25,,,,4
5191,2013-05-31,,,,4
5192,2018-08-15,,,,4
5193,2004-08-16,,,,4
5194,2009-12-09,,,,4
5195,2021-10-27,,,,4
5196,2021-05-07,,,,4
5197,2013-12-23,,,,4
5198,2007-12-05,,,,4
5199,2020-10-07,,,,4
5200,1987-09-10,,,,4
5201,2025-10-30,,,,4
5202,2007-05-31,,,,4
5203,2003-11-10,,,,4
5204,2022-05-03,,,,4
5205,2013-07-18,,,,4
5206,2022-12-23,,,,4
5207,1903-01-21,,,,4
5208,2004-08-27,,,,4
5209,2013-05-28,,,,4
5210,2011-08-11,,,,4
5211,2017-08-01,,,,4
5212,1971-06-09,,,,4
5213,2001-07-17,,,,4
5214,2022-06-08,,,,4
5215,2012-06-29,,,,4
5216,1991-08-22,,,,4
5217,2000-09-28,,,,4
5218,1986-07-03,,,,4
5219,2007-11-12,,,,4
5220,2002-05-29,,,,4
5221,2007-01-09,,,,4
5222,2023-02-20,,,,4
5223,2007-08-17,,,,4
5224,2005-12-15,,,,4
5225,2020-09-18,,,,4
5226,2000-03-07,,,,4
5227,2007-11-09,,,,4
5228,1999-06-11,,,,4
5229,2022-05-02,,,,4
5230,2021-05-27,,,,4
5231,1999-12-06,,,,4
5232,2005-04-28,,,,4
5233,2024-05-15,,,,4
5234,2016-07-01,,,,4
5235,2021-09-17,,,,4
5236,1974-01-01,,,,4
5237,2004-12-09,,,,4
5238,1962-06-30,,,,4
5239,2018-10-22,,,,4
5240,2025-07-10,,,,4
5241,2006-04-06,,,,4
5242,2007-03-22,,,,4
5243,2018-03-09,,,,4
5244,1954-10-01,,,,4
5245,2021-11-01,,,,4
5246,1994-06-30,,,,4
5247,2004-08-05,,,,4
5248,2010-01-05,,,,4
5249,2004-07-06,,,,4
5250,1988-07-07,,,,4
5251,1987-04-02,,,,4
5252,2007-01-19,,,,4
5253,2007-01-22,,,,4
5254,2006-10-19,,,,4
5255,2014-05-07,,,,4
5256,1988-10-06,,,,4
5257,2025-01-16,,,,4
5258,2007-11-28,,,,4
5259,2005-11-17,,,,4
5260,2024-11-21,,,,4
5261,2007-09-11,,,,4
5262,2006-12-27,,,,4
5263,2022-12-19,,,,4
5264,2022-09-08,,,,4
5265,1994-08-15,,,,4
5266,2006-06-02,,,,4
5267,1986-12-11,,,,4
5268,2012-02-07,,,,4
5269,2001-12-18,,,,4
5270,2004-12-17,,,,4
5271,2021-07-02,,,,4
5272,1989-05-04,,,,4
5273,2006-10-17,,,,4
5274,2008-07-22,,,,4
5275,1996-03-14,,,,4
5276,1987-09-17,,,,4
5277,2004-09-23,,,,4
5278,2007-05-22,,,,4
5279,2024-04-29,,,,4
5280,2022-04-04,,,,4
5281,2006-01-06,,,,4
5282,2005-05-10,,,,4
5283,2017-03-28,,,,4
5284,2010-07-22,,,,4
5285,2026-07-09,,,,4
5286,1999-12-16,,,,4
5287,2021-04-07,,,,4
5288,2022-05-26,,,,4
5289,2018-10-12,,,,4
5290,2019-12-11,,,,4
5291,2011-04-07,,,,4
5292,2012-12-17,,,,4
5293,2022-12-02,,,,4
5294,2006-09-27,,,,4
5295,1985-12-11,,,,4
5296,2025-10-27,,,,4
5297,2019-05-24,,,,4
5298,2007-07-05,,,,4
5299,2022-05-24,,,,4
5300,2010-07-09,,,,4
5301,2005-11-25,,,,4
5302,1997-11-17,,,,4
5303,2017-11-15,,,,4
5304,2012-12-20,,,,4
5305,2021-08-12,,,,4
5306,2008-07-10,,,,4
5307,2015-09-16,,,,4
5308,2004-08-17,,,,4
5309,2006-03-23,,,,4
5310,2020-11-10,,,,4
5311,1999-12-08,,,,4
5312,2017-04-21,,,,4
5313,2023-11-10,,,,4
5314,2009-08-14,,,,4
5315,2000-03-22,,,,4
5316,2021-06-25,,,,4
5317,2015-04-22,,,,4
5318,2013-04-09,,,,4
5319,2007-07-16,,,,4
5320,2020-06-30,,,,4
5321,2015-12-10,,,,4
5322,2025-07-18,,,,4
5323,2022-01-07,,,,4
5324,2017-07-28,,,,4
5325,2022-11-28,,,,4
5326,2001-01-29,,,,4
5327,2021-06-07,,,,4
5328,2007-04-18,,,,4
5329,2021-11-18,,,,4
5330,2021-01-06,,,,4
5331,2023-06-29,,,,4
5332,1988-12-22,,,,4
5333,2004-01-28,,,,4
5334,2017-01-20,,,,4
5335,2006-11-15,,,,4
5336,2017-09-21,,,,4
5337,2025-06-30,,,,4
5338,2020-06-30,,,,4
5339,2021-09-29,,,,4
5340,1971-02-18,,,,4
5341,2000-08-14,,,,4
5342,2011-05-10,,,,4
5343,2025-12-19,,,,4
5344,1999-09-28,,,,4
5345,1985-09-05,,,,4
5346,2019-12-06,,,,4
5347,2007-07-11,,,,4
5348,1987-01-22,,,,4
5349,2003-12-23,,,,4
5350,2006-12-13,,,,4
5351,2014-09-22,,,,4
5352,2003-12-10,,,,4
5353,2026-01-12,,,,4
5354,2020-11-16,,,,4
5355,1999-12-16,,,,4
5356,1988-02-17,,,,4
5357,2012-07-23,,,,4
5358,2006-06-27,,,,4
5359,2017-04-19,,,,4
5360,2009-11-12,,,,4
5361,2015-01-22,,,,4
5362,2026-03-27,,,,4
5363,2022-01-28,,,,4
5364,1996-10-16,,,,4
5365,2007-12-11,,,,4
5366,2016-02-23,,,,4
5367,2025-06-17,,,,4
5368,2011-12-05,,,,4
5369,2018-07-13,,,,4
5370,2016-10-26,,,,4
5371,2018-09-17,,,,4
5372,2015-06-09,,,,4
5373,2024-11-26,,,,4
5374,2014-08-11,,,,4
5375,2025-06-24,,,,4
5376,2000-07-14,,,,4
5377,2023-01-09,,,,4
5378,2014-05-09,,,,4
5379,2019-11-07,,,,4
5380,2010-05-12,,,,4
5381,2007-08-23,,,,4
5382,2007-06-12,,,,4
5383,2005-10-11,,,,4
5384,2022-01-24,,,,4
5385,1986-08-14,,,,4
5386,2002-01-31,,,,4
5387,2010-09-21,,,,4
5388,2021-11-19,,,,4
5389,1991-04-18,,,,4
5390,2017-03-17,,,,4
5391,2017-11-03,,,,4
5392,2003-12-19,,,,4
5393,2008-01-18,,,,4
5394,2008-06-25,,,,4
5395,2011-02-24,,,,4
5396,2021-11-04,,,,4
5397,2011-01-21,,,,4
5398,2021-03-16,,,,4
5399,2021-07-22,,,,4
5400,2022-01-17,,,,4
5401,2018-05-30,,,,4
5402,2019-06-07,,,,4
5403,2007-12-14,,,,4
5404,2021-09-17,,,,4
5405,2022-02-08,,,,4
5406,2008-01-11,,,,4
5407,2010-06-11,,,,4
5408,2024-02-16,,,,4
5409,2020-11-26,,,,4
5410,1999-08-12,,,,4
5411,2021-06-28,,,,4
5412,1989-03-23,,,,4
5413,2004-05-12,,,,4
5414,2003-08-19,,,,4
5415,1970-07-18,,,,4
5416,2010-12-21,,,,4
5417,2021-10-01,,,,4
5418,2004-08-04,,,,4
5419,2020-12-14,,,,4
5420,2007-12-14,,,,4
5421,1971-11-18,,,,4
5422,1997-11-19,,,,4
5423,1999-07-23,,,,4
5424,2014-09-23,,,,4
5425,1984-11-15,,,,4
5426,2018-06-22,,,,4
5427,2017-12-08,,,,4
5428,2021-07-23,,,,4
5429,2016-12-06,,,,4
5430,2007-06-01,,,,4
5431,1971-08-02,,,,4
5432,2024-12-11,,,,4
5433,2018-01-24,,,,4
5434,2011-03-09,,,,4
5435,2021-09-22,,,,4
5436,2024-09-23,,,,4
5437,2016-05-30,,,,4
5438,2014-06-16,,,,4
5439,2021-07-20,,,,4
5440,2017-06-28,,,,4
5441,2025-04-30,,,,4
5442,1990-01-31,,,,4
5443,2017-03-15,,,,4
5444,2018-07-06,,,,4
5445,2002-11-28,,,,4
5446,2011-10-28,,,,4
5447,1993-07-12,,,,4
5448,2016-08-03,,,,4
5449,2017-06-23,,,,4
5450,2016-12-19,,,,4
5451,2022-08-05,,,,4
5452,2006-06-07,,,,4
5453,2020-12-17,,,,4
5454,2016-04-11,,,,4
5455,2015-03-09,,,,4
5456,2012-10-29,,,,4
5457,2021-12-17,,,,4
5458,2018-10-31,,,,4
5459,2007-12-19,,,,4
5460,2007-05-25,,,,4
5461,1989-03-16,,,,4
5462,2021-09-22,,,,4
5463,2011-12-07,,,,4
5464,2007-04-18,,,,4
5465,2015-07-06,,,,4
5466,1997-08-29,,,,4
5467,2021-12-16,,,,4
5468,2017-04-06,,,,4
5469,2006-10-31,,,,4
5470,2013-01-18,,,,4
5471,2012-11-08,,,,4
5472,1988-01-14,,,,4
5473,2022-01-20,,,,4
5474,2012-06-28,,,,4
5475,2006-06-19,,,,4
5476,2010-12-02,,,,4
5477,1999-09-15,,,,4
5478,2018-12-14,,,,4
5479,2021-10-21,,,,4
5480,2010-08-23,,,,4
5481,2009-10-16,,,,4
5482,2013-01-21,,,,4
5483,1970-11-12,,,,4
5484,1998-10-15,,,,4
5485,2009-12-09,,,,4
5486,2003-07-28,,,,4
5487,2007-09-18,,,,4
5488,2007-09-10,,,,4
5489,2007-05-29,,,,4
5490,1988-07-21,,,,4
